<?xml version="1.0" encoding="utf-8"?>
<ParamWithValueList xmlns:xsd="http://www.w3.org/2001/XMLSchema" xmlns:xsi="http://www.w3.org/2001/XMLSchema-instance">
  <version>20080502</version>
  <parameterTypes>
    <ParamType>
      <typeName>Inventor</typeName>
      <typeCode>0</typeCode>
    </ParamType>
    <ParamType>
      <typeName>String</typeName>
      <typeCode>1</typeCode>
    </ParamType>
    <ParamType>
      <typeName>Boolean</typeName>
      <typeCode>2</typeCode>
    </ParamType>
  </parameterTypes>
  <parameters>
    <ParamWithValue>
      <name>d4</name>
      <typeCode>mm</typeCode>
      <value>3.75 mm</value>
      <comment />
      <isKey>false</isKey>
      <tolerance>Default;Nominal;Document Precision</tolerance>
    </ParamWithValue>
    <ParamWithValue>
      <name>d3</name>
      <typeCode>mm</typeCode>
      <value>10 mm</value>
      <comment />
      <isKey>false</isKey>
      <tolerance>Default;Nominal;Document Precision</tolerance>
    </ParamWithValue>
    <ParamWithValue>
      <name>d5</name>
      <typeCode>mm</typeCode>
      <value>0 mm</value>
      <comment />
      <isKey>false</isKey>
      <tolerance>Default;Nominal;Document Precision</tolerance>
    </ParamWithValue>
    <ParamWithValue>
      <name>d6</name>
      <typeCode>mm</typeCode>
      <value>1.9 mm</value>
      <comment />
      <isKey>false</isKey>
      <tolerance>Default;Nominal;Document Precision</tolerance>
    </ParamWithValue>
    <ParamWithValue>
      <name>d7</name>
      <typeCode>mm</typeCode>
      <value>0 mm</value>
      <comment />
      <isKey>false</isKey>
      <tolerance>Default;Nominal;Document Precision</tolerance>
    </ParamWithValue>
    <ParamWithValue>
      <name>MidlineExtrusion</name>
      <typeCode>mm</typeCode>
      <value>( InterProbeDist / 2 ul ) - 0.65 mm</value>
      <comment />
      <isKey>false</isKey>
      <tolerance>Default;Nominal;Document Precision</tolerance>
    </ParamWithValue>
    <ParamWithValue>
      <name>d13</name>
      <typeCode>deg</typeCode>
      <value>0.00 deg</value>
      <comment />
      <isKey>false</isKey>
      <tolerance>Default;Nominal;Document Precision</tolerance>
    </ParamWithValue>
    <ParamWithValue>
      <name>d16</name>
      <typeCode>mm</typeCode>
      <value>3 mm</value>
      <comment />
      <isKey>false</isKey>
      <tolerance>Default;Nominal;Document Precision</tolerance>
    </ParamWithValue>
    <ParamWithValue>
      <name>d17</name>
      <typeCode>deg</typeCode>
      <value>0.00 deg</value>
      <comment />
      <isKey>false</isKey>
      <tolerance>Default;Nominal;Document Precision</tolerance>
    </ParamWithValue>
    <ParamWithValue>
      <name>sa_0</name>
      <typeCode>ul</typeCode>
      <value>0.4 ul</value>
      <comment />
      <isKey>false</isKey>
      <tolerance>Default;Nominal;Document Precision</tolerance>
    </ParamWithValue>
    <ParamWithValue>
      <name>sa_1</name>
      <typeCode>MPa</typeCode>
      <value>1 MPa</value>
      <comment />
      <isKey>false</isKey>
      <tolerance>Default;Nominal;Document Precision</tolerance>
    </ParamWithValue>
    <ParamWithValue>
      <name>d1</name>
      <typeCode>mm</typeCode>
      <value>WallThickness</value>
      <comment />
      <isKey>false</isKey>
      <tolerance>Default;Nominal;Document Precision</tolerance>
    </ParamWithValue>
    <ParamWithValue>
      <name>d40</name>
      <typeCode>mm</typeCode>
      <value>d3 / 2 ul</value>
      <comment />
      <isKey>false</isKey>
      <tolerance>Default;Nominal;Document Precision</tolerance>
    </ParamWithValue>
    <ParamWithValue>
      <name>d41</name>
      <typeCode>mm</typeCode>
      <value>4.000 mm</value>
      <comment />
      <isKey>false</isKey>
      <tolerance>Default;Nominal;Document Precision</tolerance>
    </ParamWithValue>
    <ParamWithValue>
      <name>d68</name>
      <typeCode>mm</typeCode>
      <value>1.5 mm</value>
      <comment />
      <isKey>false</isKey>
      <tolerance>Default;Nominal;Document Precision</tolerance>
    </ParamWithValue>
    <ParamWithValue>
      <name>d69</name>
      <typeCode>mm</typeCode>
      <value>1.5 mm</value>
      <comment />
      <isKey>false</isKey>
      <tolerance>Default;Nominal;Document Precision</tolerance>
    </ParamWithValue>
    <ParamWithValue>
      <name>d71</name>
      <typeCode>mm</typeCode>
      <value>5.300 mm</value>
      <comment />
      <isKey>false</isKey>
      <tolerance>Default;Nominal;Document Precision</tolerance>
    </ParamWithValue>
    <ParamWithValue>
      <name>d72</name>
      <typeCode>deg</typeCode>
      <value>0.00 deg</value>
      <comment />
      <isKey>false</isKey>
      <tolerance>Default;Nominal;Document Precision</tolerance>
    </ParamWithValue>
    <ParamWithValue>
      <name>d73</name>
      <typeCode>ul</typeCode>
      <value>4 ul</value>
      <comment />
      <isKey>false</isKey>
      <tolerance>Default;Nominal;Document Precision</tolerance>
    </ParamWithValue>
    <ParamWithValue>
      <name>d75</name>
      <typeCode>mm</typeCode>
      <value>2.5 mm</value>
      <comment />
      <isKey>false</isKey>
      <tolerance>Default;Nominal;Document Precision</tolerance>
    </ParamWithValue>
    <ParamWithValue>
      <name>d79</name>
      <typeCode>mm</typeCode>
      <value>2.5 mm</value>
      <comment />
      <isKey>false</isKey>
      <tolerance>Default;Nominal;Document Precision</tolerance>
    </ParamWithValue>
    <ParamWithValue>
      <name>d82</name>
      <typeCode>mm</typeCode>
      <value>1.75 mm</value>
      <comment />
      <isKey>false</isKey>
      <tolerance>Default;Nominal;Document Precision</tolerance>
    </ParamWithValue>
    <ParamWithValue>
      <name>d83</name>
      <typeCode>mm</typeCode>
      <value>2 mm</value>
      <comment />
      <isKey>false</isKey>
      <tolerance>Default;Nominal;Document Precision</tolerance>
    </ParamWithValue>
    <ParamWithValue>
      <name>d84</name>
      <typeCode>deg</typeCode>
      <value>0.00 deg</value>
      <comment />
      <isKey>false</isKey>
      <tolerance>Default;Nominal;Document Precision</tolerance>
    </ParamWithValue>
    <ParamWithValue>
      <name>d88</name>
      <typeCode>mm</typeCode>
      <value>1.1 mm</value>
      <comment />
      <isKey>false</isKey>
      <tolerance>Default;Nominal;Document Precision</tolerance>
    </ParamWithValue>
    <ParamWithValue>
      <name>d129</name>
      <typeCode>mm</typeCode>
      <value>3 mm</value>
      <comment />
      <isKey>false</isKey>
      <tolerance>Default;Nominal;Document Precision</tolerance>
    </ParamWithValue>
    <ParamWithValue>
      <name>d130</name>
      <typeCode>mm</typeCode>
      <value>1.9 mm</value>
      <comment />
      <isKey>false</isKey>
      <tolerance>Default;Nominal;Document Precision</tolerance>
    </ParamWithValue>
    <ParamWithValue>
      <name>d131</name>
      <typeCode>mm</typeCode>
      <value>2 mm</value>
      <comment />
      <isKey>false</isKey>
      <tolerance>Default;Nominal;Document Precision</tolerance>
    </ParamWithValue>
    <ParamWithValue>
      <name>d134</name>
      <typeCode>mm</typeCode>
      <value>d130</value>
      <comment />
      <isKey>false</isKey>
      <tolerance>Default;Nominal;Document Precision</tolerance>
    </ParamWithValue>
    <ParamWithValue>
      <name>d135</name>
      <typeCode>mm</typeCode>
      <value>d131</value>
      <comment />
      <isKey>false</isKey>
      <tolerance>Default;Nominal;Document Precision</tolerance>
    </ParamWithValue>
    <ParamWithValue>
      <name>d138</name>
      <typeCode>mm</typeCode>
      <value>1.5 mm</value>
      <comment />
      <isKey>false</isKey>
      <tolerance>Default;Nominal;Document Precision</tolerance>
    </ParamWithValue>
    <ParamWithValue>
      <name>d139</name>
      <typeCode>deg</typeCode>
      <value>0.00 deg</value>
      <comment />
      <isKey>false</isKey>
      <tolerance>Default;Nominal;Document Precision</tolerance>
    </ParamWithValue>
    <ParamWithValue>
      <name>d140</name>
      <typeCode>mm</typeCode>
      <value>1.5 mm</value>
      <comment />
      <isKey>false</isKey>
      <tolerance>Default;Nominal;Document Precision</tolerance>
    </ParamWithValue>
    <ParamWithValue>
      <name>d141</name>
      <typeCode>deg</typeCode>
      <value>0.00 deg</value>
      <comment />
      <isKey>false</isKey>
      <tolerance>Default;Nominal;Document Precision</tolerance>
    </ParamWithValue>
    <ParamWithValue>
      <name>d142</name>
      <typeCode>mm</typeCode>
      <value>0.5 mm</value>
      <comment />
      <isKey>false</isKey>
      <tolerance>Default;Nominal;Document Precision</tolerance>
    </ParamWithValue>
    <ParamWithValue>
      <name>d143</name>
      <typeCode>deg</typeCode>
      <value>0.00 deg</value>
      <comment />
      <isKey>false</isKey>
      <tolerance>Default;Nominal;Document Precision</tolerance>
    </ParamWithValue>
    <ParamWithValue>
      <name>d144</name>
      <typeCode>mm</typeCode>
      <value>0.5 mm</value>
      <comment />
      <isKey>false</isKey>
      <tolerance>Default;Nominal;Document Precision</tolerance>
    </ParamWithValue>
    <ParamWithValue>
      <name>d145</name>
      <typeCode>deg</typeCode>
      <value>0.00 deg</value>
      <comment />
      <isKey>false</isKey>
      <tolerance>Default;Nominal;Document Precision</tolerance>
    </ParamWithValue>
    <ParamWithValue>
      <name>d148</name>
      <typeCode>mm</typeCode>
      <value>8 mm</value>
      <comment />
      <isKey>false</isKey>
      <tolerance>Default;Nominal;Document Precision</tolerance>
    </ParamWithValue>
    <ParamWithValue>
      <name>d167</name>
      <typeCode>mm</typeCode>
      <value>5.5 mm</value>
      <comment />
      <isKey>false</isKey>
      <tolerance>Default;Nominal;Document Precision</tolerance>
    </ParamWithValue>
    <ParamWithValue>
      <name>d168</name>
      <typeCode>mm</typeCode>
      <value>d1</value>
      <comment />
      <isKey>false</isKey>
      <tolerance>Default;Nominal;Document Precision</tolerance>
    </ParamWithValue>
    <ParamWithValue>
      <name>d169</name>
      <typeCode>mm</typeCode>
      <value>2 mm</value>
      <comment />
      <isKey>false</isKey>
      <tolerance>Default;Nominal;Document Precision</tolerance>
    </ParamWithValue>
    <ParamWithValue>
      <name>d172</name>
      <typeCode>mm</typeCode>
      <value>1 mm</value>
      <comment />
      <isKey>false</isKey>
      <tolerance>Default;Nominal;Document Precision</tolerance>
    </ParamWithValue>
    <ParamWithValue>
      <name>d173</name>
      <typeCode>mm</typeCode>
      <value>d172</value>
      <comment />
      <isKey>false</isKey>
      <tolerance>Default;Nominal;Document Precision</tolerance>
    </ParamWithValue>
    <ParamWithValue>
      <name>d176</name>
      <typeCode>mm</typeCode>
      <value>0.5 mm</value>
      <comment />
      <isKey>false</isKey>
      <tolerance>Default;Nominal;Document Precision</tolerance>
    </ParamWithValue>
    <ParamWithValue>
      <name>d177</name>
      <typeCode>deg</typeCode>
      <value>0.00 deg</value>
      <comment />
      <isKey>false</isKey>
      <tolerance>Default;Nominal;Document Precision</tolerance>
    </ParamWithValue>
    <ParamWithValue>
      <name>d180</name>
      <typeCode>ul</typeCode>
      <value>2 ul</value>
      <comment />
      <isKey>false</isKey>
      <tolerance>Default;Nominal;Document Precision</tolerance>
    </ParamWithValue>
    <ParamWithValue>
      <name>d182</name>
      <typeCode>mm</typeCode>
      <value>2.5 mm</value>
      <comment />
      <isKey>false</isKey>
      <tolerance>Default;Nominal;Document Precision</tolerance>
    </ParamWithValue>
    <ParamWithValue>
      <name>d183</name>
      <typeCode>mm</typeCode>
      <value>MidlineExtrusion - 0.1 mm</value>
      <comment />
      <isKey>false</isKey>
      <tolerance>Default;Nominal;Document Precision</tolerance>
    </ParamWithValue>
    <ParamWithValue>
      <name>d184</name>
      <typeCode>deg</typeCode>
      <value>0.00 deg</value>
      <comment />
      <isKey>false</isKey>
      <tolerance>Default;Nominal;Document Precision</tolerance>
    </ParamWithValue>
    <ParamWithValue>
      <name>d199</name>
      <typeCode>mm</typeCode>
      <value>1.5 mm</value>
      <comment />
      <isKey>false</isKey>
      <tolerance>Default;Nominal;Document Precision</tolerance>
    </ParamWithValue>
    <ParamWithValue>
      <name>d200</name>
      <typeCode>mm</typeCode>
      <value>1.500 mm</value>
      <comment />
      <isKey>false</isKey>
      <tolerance>Default;Nominal;Document Precision</tolerance>
    </ParamWithValue>
    <ParamWithValue>
      <name>d217</name>
      <typeCode>mm</typeCode>
      <value>1.500 mm</value>
      <comment />
      <isKey>false</isKey>
      <tolerance>Default;Nominal;Document Precision</tolerance>
    </ParamWithValue>
    <ParamWithValue>
      <name>d219</name>
      <typeCode>mm</typeCode>
      <value>1.000 mm</value>
      <comment />
      <isKey>false</isKey>
    </ParamWithValue>
    <ParamWithValue>
      <name>d221</name>
      <typeCode>deg</typeCode>
      <value>0.00 deg</value>
      <comment />
      <isKey>false</isKey>
      <tolerance>Default;Nominal;Document Precision</tolerance>
    </ParamWithValue>
    <ParamWithValue>
      <name>d222</name>
      <typeCode>mm</typeCode>
      <value>0.500 mm</value>
      <comment />
      <isKey>false</isKey>
      <tolerance>Default;Nominal;Document Precision</tolerance>
    </ParamWithValue>
    <ParamWithValue>
      <name>d223</name>
      <typeCode>mm</typeCode>
      <value>0 mm</value>
      <comment />
      <isKey>false</isKey>
      <tolerance>Default;Nominal;Document Precision</tolerance>
    </ParamWithValue>
    <ParamWithValue>
      <name>d224</name>
      <typeCode>mm</typeCode>
      <value>1 mm</value>
      <comment />
      <isKey>false</isKey>
      <tolerance>Default;Nominal;Document Precision</tolerance>
    </ParamWithValue>
    <ParamWithValue>
      <name>d225</name>
      <typeCode>mm</typeCode>
      <value>1 mm</value>
      <comment />
      <isKey>false</isKey>
      <tolerance>Default;Nominal;Document Precision</tolerance>
    </ParamWithValue>
    <ParamWithValue>
      <name>d227</name>
      <typeCode>deg</typeCode>
      <value>0.00 deg</value>
      <comment />
      <isKey>false</isKey>
      <tolerance>Default;Nominal;Document Precision</tolerance>
    </ParamWithValue>
    <ParamWithValue>
      <name>d228</name>
      <typeCode>mm</typeCode>
      <value>1.500 mm</value>
      <comment />
      <isKey>false</isKey>
      <tolerance>Default;Nominal;Document Precision</tolerance>
    </ParamWithValue>
    <ParamWithValue>
      <name>d229</name>
      <typeCode>ul</typeCode>
      <value>2 ul</value>
      <comment />
      <isKey>false</isKey>
      <tolerance>Default;Nominal;Document Precision</tolerance>
    </ParamWithValue>
    <ParamWithValue>
      <name>d230</name>
      <typeCode>deg</typeCode>
      <value>360 deg</value>
      <comment />
      <isKey>false</isKey>
      <tolerance>Default;Nominal;Document Precision</tolerance>
    </ParamWithValue>
    <ParamWithValue>
      <name>d232</name>
      <typeCode>deg</typeCode>
      <value>18.54 deg</value>
      <comment />
      <isKey>false</isKey>
      <tolerance>Default;Nominal;Document Precision</tolerance>
    </ParamWithValue>
    <ParamWithValue>
      <name>d289</name>
      <typeCode>mm</typeCode>
      <value>d4</value>
      <comment />
      <isKey>false</isKey>
      <tolerance>Default;Nominal;Document Precision</tolerance>
    </ParamWithValue>
    <ParamWithValue>
      <name>InterProbeDist</name>
      <typeCode>mm</typeCode>
      <value>4.6 mm</value>
      <comment>Should be between 1.8 and 4 mm. The approximate distance required between probes</comment>
      <isKey>true</isKey>
      <multiValues>
        <string>1.8</string>
        <string>1.9</string>
        <string>2</string>
        <string>2.1</string>
        <string>2.2</string>
        <string>2.3</string>
        <string>2.4</string>
        <string>2.5</string>
        <string>2.6</string>
        <string>2.7</string>
        <string>2.8</string>
        <string>2.9</string>
        <string>3</string>
        <string>3.1</string>
        <string>3.2</string>
        <string>3.3</string>
        <string>3.4</string>
        <string>3.5</string>
        <string>3.6</string>
        <string>3.7</string>
        <string>3.8</string>
        <string>3.9</string>
        <string>4</string>
      </multiValues>
    </ParamWithValue>
    <ParamWithValue>
      <name>WallThickness</name>
      <typeCode>mm</typeCode>
      <value>0.7 mm</value>
      <comment>Thickness of side walls (thicker may be more stable but weighs more)</comment>
      <isKey>true</isKey>
      <multiValues>
        <string>0.3</string>
        <string>0.4</string>
        <string>0.5</string>
        <string>0.6</string>
        <string>0.7</string>
        <string>0.8</string>
        <string>0.9</string>
        <string>1</string>
      </multiValues>
    </ParamWithValue>
  </parameters>
</ParamWithValueList>