0,0.0625,0,0,1
-0.025986842105263159,0.056710526315789475,0,0.052631578947368418,1
-0.051973684210526318,0.05092105263157895,0,0.10526315789473684,1
-0.077960526315789466,0.045131578947368425,0,0.15789473684210525,1
-0.10394736842105264,0.0393421052631579,0,0.21052631578947367,1
-0.13141447368421053,0.036710526315789471,0,0.26315789473684209,1
-0.16332236842105263,0.043552631578947371,0,0.31578947368421051,1
-0.19523026315789474,0.05039473684210527,0,0.36842105263157893,1
-0.22713815789473685,0.057236842105263155,0,0.42105263157894735,1
-0.25904605263157893,0.064078947368421055,0,0.47368421052631576,1
-0.29161184210526314,0.079868421052631561,0,0.52631578947368418,1
-0.32483552631578949,0.10460526315789476,0,0.57894736842105265,1
-0.35805921052631573,0.12934210526315787,0,0.63157894736842102,1
-0.39128289473684214,0.15407894736842107,0,0.68421052631578949,1
-0.42450657894736837,0.17881578947368421,0,0.73684210526315785,1
-0.45723684210526316,0.22486842105263158,0,0.78947368421052633,1
-0.48980263157894732,0.27802631578947362,0,0.84210526315789469,1
-0.52236842105263159,0.33118421052631575,0,0.89473684210526316,1
-0.55493421052631575,0.38434210526315787,0,0.94736842105263153,1
-0.58750000000000002,0.4375,0,1,1
0,0.0625,0.02564102564102564,0,1
-0.026979480572829419,0.05881578947368421,0.02564102564102564,0.052631578947368418,1
-0.053797177836342081,0.055131578947368427,0.02564102564102564,0.10526315789473684,1
-0.080731024054578895,0.051447368421052644,0.02564102564102564,0.15789473684210525,1
-0.10799526996263696,0.047763157894736855,0.02564102564102564,0.21052631578947367,1.0000000000000002
-0.13604504048582997,0.047196356275303636,0.02564102564102564,0.26315789473684209,1
-0.1669990479398259,0.055960129736057504,0.02564102564102564,0.31578947368421051,1
-0.19784749975806251,0.064678982882513877,0.02564102564102564,0.36842105263157893,1
-0.22921877083389924,0.073467742021030846,0.02564102564102564,0.42105263157894735,1
-0.26084261133603237,0.082338056680161947,0.02564102564102564,0.47368421052631576,1
-0.29249746963562756,0.099585020242914976,0.02564102564102564,0.52631578947368418,0.99999999999999989
-0.32413437098773296,0.12510415325339283,0.02564102564102564,0.57894736842105265,1
-0.35599925848490077,0.15065239745118592,0.02564102564102564,0.63157894736842102,1
-0.38850727529537948,0.1765272090932222,0.02564102564102564,0.68421052631578949,1
-0.42093876518218609,0.20241902834008088,0.02564102564102564,0.73684210526315785,0.99999999999999989
-0.45240264378003509,0.24762062926072476,0.02564102564102564,0.78947368421052633,1
-0.48301456848996605,0.29886908328810735,0.02564102564102564,0.84210526315789469,1
-0.51416436937464183,0.35048474674869579,0.02564102564102564,0.89473684210526316,1
-0.54600716640315694,0.40261343128881644,0.02564102564102564,0.94736842105263153,1
-0.57740384615384621,0.45442307692307693,0.02564102564102564,1,1
0,0.0625,0.05128205128205128,0,1
-0.027749155733609226,0.060921052631578938,0.05128205128205128,0.052631578947368418,1
-0.055160225736544138,0.059342105263157877,0.05128205128205128,0.10526315789473684,0.99999999999999978
-0.082803701489894202,0.057763157894736857,0.05128205128205128,0.15789473684210525,1.0000000000000002
-0.11135059678050348,0.056184210526315802,0.05128205128205128,0.21052631578947367,1
-0.14067560728744938,0.057682186234817821,0.05128205128205128,0.26315789473684209,1.0000000000000002
-0.16944930281696929,0.068259413954200321,0.05128205128205128,0.31578947368421051,0.99999999999999989
-0.19917963449071968,0.078773104263071575,0.05128205128205128,0.36842105263157893,0.99999999999999989
-0.22988961443437816,0.089416688069061862,0.05128205128205128,0.42105263157894735,0.99999999999999989
-0.26222968570460758,0.10049652164910866,0.05128205128205128,0.47368421052631576,1
-0.29295881219146741,0.11916940039462566,0.05128205128205128,0.52631578947368418,1
-0.32186078062806772,0.14497406933624732,0.05128205128205128,0.57894736842105265,1
-0.35239014254840462,0.17120923265387902,0.05128205128205128,0.63157894736842102,1
-0.38412648242590125,0.19805925946809982,0.05128205128205128,0.68421052631578949,1
-0.41737095141700403,0.22602226720647772,0.05128205128205128,0.73684210526315785,0.99999999999999989
-0.44634645062978551,0.26953109280460691,0.05128205128205128,0.78947368421052633,1.0000000000000002
-0.47454905274840259,0.31852376698800539,0.05128205128205128,0.84210526315789469,1
-0.50426463776482466,0.36855270518250988,0.05128205128205128,0.89473684210526316,1.0000000000000002
-0.5354036097232,0.41963616279647087,0.05128205128205128,0.94736842105263153,1
-0.56730769230769229,0.47134615384615386,0.05128205128205128,1,1
0,0.0625,0.076923076923076927,0,1
-0.028266290860564092,0.06302631578947368,0.076923076923076927,0.052631578947368418,1
-0.056127977457529239,0.063552631578947374,0.076923076923076927,0.10526315789473684,1
-0.084266049473851398,0.064078947368421069,0.076923076923076927,0.15789473684210525,1
-0.11351924914960539,0.064605263157894749,0.076923076923076927,0.21052631578947367,1
-0.14412877297363258,0.068145589506418927,0.076923076923076927,0.26315789473684209,1
-0.17070595799887206,0.080453380552174839,0.076923076923076927,0.31578947368421051,1.0000000000000002
-0.19941723804427813,0.092705282548577572,0.076923076923076927,0.36842105263157893,1.0000000000000002
-0.22928201066796006,0.10510994464371347,0.076923076923076927,0.42105263157894735,1
-0.26136185104022069,0.11810076801236351,0.076923076923076927,0.47368421052631576,1
-0.2910837429782141,0.13802568943689794,0.076923076923076927,0.52631578947368418,0.99999999999999989
-0.31816122974378674,0.16427360120925558,0.076923076923076927,0.57894736842105265,1.0000000000000002
-0.34746158890984119,0.19112432972506208,0.076923076923076927,0.63157894736842102,1.0000000000000002
-0.37818347819059328,0.21869962065888587,0.076923076923076927,0.68421052631578949,0.99999999999999978
-0.41212113605834139,0.24852659836513394,0.076923076923076927,0.73684210526315785,0.99999999999999989
-0.43819646169734078,0.28999929047999073,0.076923076923076927,0.78947368421052633,1
-0.46461639890261297,0.33713932567328364,0.076923076923076927,0.84210526315789469,0.99999999999999989
-0.49290915195654483,0.38556248615195832,0.076923076923076927,0.89473684210526316,0.99999999999999989
-0.52290114625044359,0.43524467011470547,0.076923076923076927,0.94736842105263153,1
-0.55721153846153848,0.48826923076923073,0.076923076923076927,1,1
0,0.0625,0.10256410256410256,0,1
-0.028563914286449027,0.065129534272016371,0.10256410256410256,0.052631578947368418,1
-0.056587415246259813,0.06767306258946508,0.10256410256410256,0.10526315789473684,1
-0.084995576686573357,0.070282760557984006,0.10256410256410256,0.15789473684210525,0.99999999999999989
-0.11469198392353837,0.073026315789473675,0.10256410256410256,0.21052631578947367,0.99999999999999989
-0.14493820672820468,0.078558635979322639,0.10256410256410256,0.26315789473684209,1
-0.17080983833483812,0.092482864554204583,0.10256410256410256,0.31578947368421051,1.0000000000000002
-0.19818875878982201,0.10619138570188107,0.10256410256410256,0.36842105263157893,1
-0.22727776573124928,0.12040200950922542,0.10256410256410256,0.42105263157894735,0.99999999999999978
-0.25846414210833724,0.13520610551951073,0.10256410256410256,0.47368421052631576,0.99999999999999989
-0.28710543054803678,0.15622654919761719,0.10256410256410256,0.52631578947368418,1.0000000000000002
-0.31288716987939663,0.18282537057842163,0.10256410256410256,0.57894736842105265,0.99999999999999978
-0.34071315027056365,0.20994062034812822,0.10256410256410256,0.63157894736842102,0.99999999999999989
-0.37071141434873467,0.23841157192503887,0.10256410256410256,0.68421052631578949,1
-0.40309456079737743,0.26856344638761998,0.10256410256410256,0.73684210526315785,1
-0.42828925277726615,0.30925706523201513,0.10256410256410256,0.78947368421052633,0.99999999999999978
-0.45290847366496917,0.35449536637440765,0.10256410256410256,0.84210526315789469,1
-0.47971012784202249,0.40132546840894145,0.10256410256410256,0.89473684210526316,1
-0.50875145361087104,0.44963490203696599,0.10256410256410256,0.94736842105263153,1
-0.53954326923076923,0.49942307692307691,0.10256410256410256,1,1
0,0.0625,0.12820512820512819,0,1
-0.028501657803501612,0.067146089167407927,0.12820512820512819,0.052631578947368418,1
-0.056414222243285753,0.071610891142439265,0.12820512820512819,0.10526315789473684,1
-0.084742716287506931,0.076203070312679561,0.12820512820512819,0.15789473684210525,0.99999999999999989
-0.11450545472077608,0.081246926795689914,0.12820512820512819,0.21052631578947367,1
-0.14340840080971659,0.088927125506072874,0.12820512820512819,0.26315789473684209,1
-0.16904044401198176,0.10388619983703486,0.12820512820512819,0.31578947368421051,1
-0.19520025995049844,0.1189986004314446,0.12820512820512819,0.36842105263157893,0.99999999999999978
-0.22319423547336878,0.13482561919491812,0.12820512820512819,0.42105263157894735,0.99999999999999989
-0.25324194632759567,0.15169885699265651,0.12820512820512819,0.47368421052631576,1
-0.28071672682638737,0.17363531401761412,0.12820512820512819,0.52631578947368418,1.0000000000000002
-0.30523182095789048,0.19998652766648495,0.12820512820512819,0.57894736842105265,1.0000000000000002
-0.33174707725767039,0.22728812741190671,0.12820512820512819,0.63157894736842102,0.99999999999999989
-0.36063865568110515,0.25623052781904676,0.12820512820512819,0.68421052631578949,1.0000000000000002
-0.39072621457489881,0.286417004048583,0.12820512820512819,0.73684210526315785,1
-0.41591536738004592,0.32670428911538246,0.12820512820512819,0.78947368421052633,1
-0.43880439689753153,0.3701488432526705,0.12820512820512819,0.84210526315789469,1
-0.46423893113053133,0.4156258334616591,0.12820512820512819,0.89473684210526316,1
-0.49203688170559462,0.46247562325070241,0.12820512820512819,0.94736842105263153,1
-0.5193509615384615,0.50865384615384612,0.12820512820512819,1,1
0,0.0625,0.15384615384615385,0,1
-0.028017390351101026,0.069040661568610232,0.15384615384615385,0.052631578947368418,1.0000000000000002
-0.055643637367990696,0.075374901885427989,0.15384615384615385,0.10526315789473684,1
-0.08355851934639516,0.081852594449178098,0.15384615384615385,0.15789473684210525,1
-0.1123758402115381,0.088880444537291714,0.15384615384615385,0.21052631578947367,1
-0.14123766763095136,0.098988567896463944,0.15384615384615385,0.26315789473684209,1
-0.16535288436674342,0.11462210413326648,0.15384615384615385,0.31578947368421051,1
-0.19054873435653089,0.13116040104581864,0.15384615384615385,0.36842105263157893,1
-0.21709974537606203,0.14840206149464397,0.15384615384615385,0.42105263157894735,1
-0.24513451699413727,0.16678557286211335,0.15384615384615385,0.47368421052631576,1
-0.27130663953179796,0.18941098463845871,0.15384615384615385,0.52631578947368418,1.0000000000000002
-0.29527243783169776,0.21579535287709384,0.15384615384615385,0.57894736842105265,1.0000000000000002
-0.32068467822748142,0.24324368254474829,0.15384615384615385,0.63157894736842102,1
-0.34789438929894639,0.27208298381025497,0.15384615384615385,0.68421052631578949,1
-0.37731846443859657,0.30334645418350192,0.15384615384615385,0.73684210526315785,1
-0.39991283181006032,0.34132560527035483,0.15384615384615385,0.78947368421052633,1
-0.42242844157808201,0.38418801918050083,0.15384615384615385,0.84210526315789469,0.99999999999999989
-0.44662256432087877,0.42854680567552017,0.15384615384615385,0.89473684210526316,0.99999999999999978
-0.47234777332763456,0.47360873894176841,0.15384615384615385,0.94736842105263153,1.0000000000000002
-0.49915865384615382,0.51788461538461539,0.15384615384615385,1,1
0,0.0625,0.17948717948717949,0,1
-0.027258281039360118,0.070822038086828826,0.17948717948717949,0.052631578947368418,1
-0.05417197110552964,0.078937654921865233,0.17948717948717949,0.10526315789473684,1
-0.081334186022783389,0.08719672400383395,0.17948717948717949,0.15789473684210525,1
-0.10933940296457452,0.096005950610166174,0.17948717948717949,0.21052631578947367,1
-0.13727764738803633,0.10777399299767849,0.17948717948717949,0.26315789473684209,0.99999999999999989
-0.15998936235721345,0.12470035264388102,0.17948717948717949,0.31578947368421051,1
-0.18388909160100558,0.14248972042498848,0.17948717948717949,0.36842105263157893,1
-0.20894250682426407,0.16104769528440935,0.17948717948717949,0.42105263157894735,0.99999999999999978
-0.23550648055689033,0.18075318419814573,0.17948717948717949,0.47368421052631576,1
-0.26028690268969279,0.20394539759392427,0.17948717948717949,0.52631578947368418,1
-0.28292993230087782,0.23015765674827424,0.17948717948717949,0.57894736842105265,0.99999999999999978
-0.30702283081854087,0.25747693422768214,0.17948717948717949,0.63157894736842102,1
-0.33278261044036456,0.28613901008097198,0.17948717948717949,0.68421052631578949,1
-0.36083314055195692,0.31723309385961523,0.17948717948717949,0.73684210526315785,1.0000000000000002
-0.38213702209346107,0.35444301417723728,0.17948717948717949,0.78947368421052633,0.99999999999999989
-0.40343602806922463,0.3964067829665745,0.17948717948717949,0.84210526315789469,1
-0.42639591718188707,0.43980468899418351,0.17948717948717949,0.89473684210526316,1.0000000000000002
-0.4507764170523309,0.48381116809156594,0.17948717948717949,0.94736842105263153,0.99999999999999989
-0.47632211538461539,0.52711538461538454,0.17948717948717949,1,1
0,0.0625,0.20512820512820512,0,1
-0.026277711475461034,0.072490218722063807,0.20512820512820512,0.052631578947368418,1
-0.052120556471560553,0.082299150251750997,0.20512820512820512,0.10526315789473684,1
-0.078270036261170364,0.092235458976647117,0.20512820512820512,0.15789473684210525,0.99999999999999978
-0.105484957439229,0.10262344501431338,0.20512820512820512,0.21052631578947367,1.0000000000000002
-0.13152834008097167,0.11528340080971661,0.20512820512820512,0.26315789473684209,1.0000000000000002
-0.15331193435179397,0.13404792559709999,0.20512820512820512,0.31578947368421051,1.0000000000000002
-0.175514128739647,0.15288372252987031,0.20512820512820512,0.36842105263157893,1.0000000000000002
-0.19910827937734052,0.17257298200906157,0.20512820512820512,0.42105263157894735,0.99999999999999989
-0.22435837834039871,0.19360135380928209,0.20512820512820512,0.47368421052631576,1
-0.24765802456662803,0.21723826858531914,0.20512820512820512,0.52631578947368418,1
-0.26851716448050655,0.24300053983573663,0.20512820512820512,0.57894736842105265,0.99999999999999989
-0.29095911353186588,0.270037396109156,0.20512820512820512,0.63157894736842102,1
-0.31549499600627828,0.2985981940073924,0.20512820512820512,0.68421052631578949,1
-0.34127024291497976,0.32807692307692315,0.20512820512820512,0.73684210526315785,1
-0.36263419576115646,0.36616013270526443,0.20512820512820512,0.78947368421052633,1
-0.38201078298675001,0.40708113097886772,0.20512820512820512,0.84210526315789469,0.99999999999999989
-0.40376626694863849,0.44961788284583315,0.20512820512820512,0.89473684210526316,1
-0.42754078777567717,0.49324661429545358,0.20512820512820512,0.94736842105263153,1
-0.45084134615384613,0.53634615384615381,0.20512820512820512,1,1
0,0.0625,0.23076923076923078,0,1
-0.024990733905339287,0.074036416863109494,0.23076923076923078,0.052631578947368418,1.0000000000000002
-0.049634654846976128,0.085486827771651314,0.23076923076923078,0.10526315789473684,1.0000000000000002
-0.074528647311260923,0.097003408331263336,0.23076923076923078,0.15789473684210525,0.99999999999999989
-0.10020318910115161,0.10865384615384616,0.23076923076923078,0.21052631578947367,1
-0.12523674334033347,0.12248164442828091,0.23076923076923078,0.26315789473684209,0.99999999999999989
-0.14521077419007883,0.14262834995039184,0.23076923076923078,0.31578947368421051,0.99999999999999989
-0.16588591815495493,0.16248838812807787,0.23076923076923078,0.36842105263157893,0.99999999999999978
-0.18774108670977807,0.18301624414922449,0.23076923076923078,0.42105263157894735,1
-0.21090301861192889,0.20468346609975022,0.23076923076923078,0.47368421052631576,0.99999999999999989
-0.23255044266459937,0.22859449765540266,0.23076923076923078,0.52631578947368418,1
-0.25218802738249685,0.25440076135400519,0.23076923076923078,0.57894736842105265,1
-0.27307558778560898,0.2812752020259634,0.23076923076923078,0.63157894736842102,1
-0.29579763259265002,0.30936343950744416,0.23076923076923078,0.68421052631578949,1
-0.32070482333416389,0.33809133708182226,0.23076923076923078,0.73684210526315785,1
-0.33977134555491145,0.37565306641426444,0.23076923076923078,0.78947368421052633,0.99999999999999989
-0.35854658192653321,0.41649126772811562,0.23076923076923078,0.84210526315789469,0.99999999999999989
-0.37926974245680872,0.45834491264569627,0.23076923076923078,0.89473684210526316,0.99999999999999978
-0.40180266745953119,0.50132897073057758,0.23076923076923078,0.94736842105263153,1
-0.42536057692307688,0.54557692307692307,0.23076923076923078,1,1
0,0.0625,0.25641025641025639,0,1
-0.023453726844570321,0.075495951417004048,0.25641025641025639,0.052631578947368418,0.99999999999999989
-0.046670950059318914,0.088465746957941377,0.25641025641025639,0.10526315789473684,1.0000000000000002
-0.070057026999477023,0.10146346292705168,0.25641025641025639,0.15789473684210525,1
-0.094059415066853835,0.11448380566801619,0.25641025641025639,0.21052631578947367,1.0000000000000002
-0.11767341709489673,0.12959077415453821,0.25641025641025639,0.26315789473684209,1
-0.13573696093914284,0.15048165988977474,0.25641025641025639,0.31578947368421051,0.99999999999999989
-0.15486727708409639,0.17117500588438739,0.25641025641025639,0.36842105263157893,1
-0.17478307206811841,0.19233098035360205,0.25641025641025639,0.42105263157894735,0.99999999999999978
-0.19600717579134963,0.21460234574132619,0.25641025641025639,0.47368421052631576,1
-0.2158624882656032,0.23869436110946385,0.25641025641025639,0.52631578947368418,0.99999999999999989
-0.23387097339519797,0.26430154386097965,0.25641025641025639,0.57894736842105265,1
-0.25319476607386676,0.29103242321090883,0.25641025641025639,0.63157894736842102,0.99999999999999989
-0.27376460930186314,0.31851166253422342,0.25641025641025639,0.68421052631578949,1
-0.2971967887677921,0.3469472704867298,0.25641025641025639,0.73684210526315785,1
-0.31470080755926799,0.38391558391516106,0.25641025641025639,0.78947368421052633,0.99999999999999978
-0.33286632118571047,0.42454049787027159,0.25641025641025639,0.84210526315789469,1
-0.35265878020683772,0.46588157267815422,0.25641025641025639,0.89473684210526316,0.99999999999999989
-0.37394822375193737,0.50819869107294524,0.25641025641025639,0.94736842105263153,0.99999999999999989
-0.39807692307692311,0.55326923076923074,0.25641025641025639,1,1
0,0.0625,0.28205128205128205,0,1
-0.021774660695468878,0.076915060927926354,0.28205128205128205,0.052631578947368418,0.99999999999999978
-0.043247722415586019,0.091150989627468482,0.28205128205128205,0.10526315789473684,1
-0.064933285397221874,0.10551559810777442,0.28205128205128205,0.15789473684210525,1
-0.087360281874553053,0.12027952383332458,0.28205128205128205,0.21052631578947367,1
-0.10867282388663965,0.13659919028340081,0.28205128205128205,0.26315789473684209,1
-0.12534378429013657,0.15773552263284246,0.28205128205128205,0.31578947368421051,1
-0.14245359408589114,0.17872939394906212,0.28205128205128205,0.36842105263157893,0.99999999999999989
-0.16054422041997302,0.20053418845979354,0.28205128205128205,0.42105263157894735,1.0000000000000002
-0.1798824030678583,0.22352340767068699,0.28205128205128205,0.47368421052631576,1
-0.19782332238131567,0.2477181466385871,0.28205128205128205,0.52631578947368418,0.99999999999999989
-0.21399893332143036,0.27290000455220176,0.28205128205128205,0.57894736842105265,1
-0.23140455430504672,0.29926109078677915,0.28205128205128205,0.63157894736842102,1
-0.25021154242693588,0.32666783678154798,0.28205128205128205,0.68421052631578949,1
-0.27036310728744928,0.35449392712550609,0.28205128205128205,0.73684210526315785,1
-0.28807636622575539,0.39147406567190618,0.28205128205128205,0.78947368421052633,1
-0.30493283260942994,0.43138627013361347,0.28205128205128205,0.84210526315789469,1.0000000000000002
-0.32352170770357258,0.47223800698466845,0.28205128205128205,0.89473684210526316,1
-0.34440965250242112,0.51410007389832479,0.28205128205128205,0.94736842105263153,1
-0.36538461538461536,0.55634615384615382,0.28205128205128205,1,1
0,0.0625,0.30769230769230771,0,1
-0.019888751936432934,0.078184941740523151,0.30769230769230771,0.052631578947368418,1
-0.039522761044636735,0.093617017852650641,0.30769230769230771,0.10526315789473684,1
-0.059339146764234241,0.10922518698496542,0.30769230769230771,0.15789473684210525,1
-0.079733070523614002,0.1254892904117007,0.30769230769230771,0.21052631578947367,1
-0.099026988419763734,0.14355272258027668,0.30769230769230771,0.26315789473684209,1
-0.11395086576569526,0.16414621463230733,0.30769230769230771,0.31578947368421051,1
-0.12915444585149422,0.18548188123844556,0.30769230769230771,0.36842105263157893,1
-0.14521571889588636,0.20768471782328973,0.30769230769230771,0.42105263157894735,0.99999999999999978
-0.16210603088268188,0.23094024009788044,0.30769230769230771,0.47368421052631576,0.99999999999999978
-0.17800192693509104,0.25515909888294958,0.30769230769230771,0.52631578947368418,1
-0.19283304663960277,0.28033709104298593,0.30769230769230771,0.57894736842105265,1
-0.2084254008224718,0.30652587953518734,0.30769230769230771,0.63157894736842102,1
-0.22513654180268339,0.33370356321709688,0.30769230769230771,0.68421052631578949,1
-0.24204437056892442,0.36144935992986499,0.30769230769230771,0.73684210526315785,1
-0.25913249524442089,0.39776537175717497,0.30769230769230771,0.78947368421052633,1
-0.27522103925263941,0.43736545519389119,0.30769230769230771,0.84210526315789469,1
-0.29244084520138769,0.47776035028984176,0.30769230769230771,0.89473684210526316,1
-0.31189252523933231,0.51885447128133211,0.30769230769230771,0.94736842105263153,1
-0.33269230769230768,0.55942307692307691,0.30769230769230771,1,1
0,0.0625,0.33333333333333331,0,1
-0.01781059721411293,0.079305404954541664,0.33333333333333331,0.052631578947368418,1
-0.035485059853215067,0.09585524325564404,0.33333333333333331,0.10526315789473684,0.99999999999999989
-0.053262674601689708,0.11258431401842026,0.33333333333333331,0.15789473684210525,1
-0.071383289245644438,0.13000342059655204,0.33333333333333331,0.21052631578947367,1
-0.088803695820433431,0.14938095379852345,0.33333333333333331,0.26315789473684209,1
-0.10155945869666769,0.16971922687636248,0.33333333333333331,0.31578947368421051,1
-0.11493534539058861,0.19140305005396552,0.33333333333333331,0.36842105263157893,1
-0.1287712291173862,0.2137609957125961,0.33333333333333331,0.42105263157894735,1.0000000000000002
-0.14330825696293259,0.23708695986074133,0.33333333333333331,0.47368421052631576,1
-0.15714852549662092,0.26133665267253736,0.33333333333333331,0.52631578947368418,1.0000000000000002
-0.17034022028385576,0.2865871710526316,0.33333333333333331,0.57894736842105265,0.99999999999999989
-0.184214356529245,0.31279431675033498,0.33333333333333331,0.63157894736842102,0.99999999999999989
-0.19853822796636561,0.33962209981314229,0.33333333333333331,0.68421052631578949,0.99999999999999989
-0.21328143605620387,0.36749270659680872,0.33333333333333331,0.73684210526315785,1
-0.22850839186354102,0.40302905226671532,0.33333333333333331,0.78947368421052633,1
-0.24368876290057831,0.44245735981556156,0.33333333333333331,0.84210526315789469,1
-0.25935903545358358,0.48242523516103586,0.33333333333333331,0.89473684210526316,0.99999999999999989
-0.27654855492534824,0.52257590291100164,0.33333333333333331,0.94736842105263153,1
-0.29999999999999999,0.5625,0.33333333333333331,1,1
0,0.0625,0.35897435897435898,0,1
-0.01563773979068395,0.080284062940466375,0.35897435897435898,0.052631578947368418,1
-0.03102073675313876,0.097756604246122786,0.35897435897435898,0.10526315789473684,0.99999999999999989
-0.046586110326987271,0.11544836090398936,0.35897435897435898,0.15789473684210525,1
-0.062729021940618065,0.13391014140716651,0.35897435897435898,0.21052631578947367,0.99999999999999978
-0.07777192769101883,0.15363369424019574,0.35897435897435898,0.26315789473684209,1.0000000000000002
-0.088474980989621477,0.17453561662551137,0.35897435897435898,0.31578947368421051,1
-0.099530178723644197,0.19628618480094473,0.35897435897435898,0.36842105263157893,1
-0.11132991824372956,0.218857764431244,0.35897435897435898,0.42105263157894735,1.0000000000000002
-0.12384692157094106,0.24231675831650396,0.35897435897435898,0.47368421052631576,1
-0.13564362733994939,0.26661658876149219,0.35897435897435898,0.52631578947368418,1
-0.14671740859105994,0.29180723939375036,0.35897435897435898,0.57894736842105265,1.0000000000000002
-0.15848227280080818,0.31787671381583399,0.35897435897435898,0.63157894736842102,0.99999999999999978
-0.17106775705349547,0.34474091243828731,0.35897435897435898,0.68421052631578949,0.99999999999999989
-0.18389659728957222,0.37225907652905521,0.35897435897435898,0.73684210526315785,1
-0.1973414698533526,0.40780605292211913,0.35897435897435898,0.78947368421052633,0.99999999999999978
-0.21019574967100771,0.44661565323269875,0.35897435897435898,0.84210526315789469,0.99999999999999989
-0.22394119532007503,0.48613684222586917,0.35897435897435898,0.89473684210526316,0.99999999999999989
-0.23954259392620592,0.52604062918897765,0.35897435897435898,0.94736842105263153,1
-0.25673076923076921,0.56557692307692309,0.35897435897435898,1,1
0,0.0625,0.38461538461538464,0,1
-0.013272636403970896,0.081059572052843712,0.38461538461538464,0.052631578947368418,0.99999999999999989
-0.026243673832590061,0.099343082569344487,0.38461538461538464,0.10526315789473684,0.99999999999999989
-0.039427212522727961,0.1178230037791288,0.38461538461538464,0.15789473684210525,1.0000000000000002
-0.053352184708561151,0.13694991074756219,0.38461538461538464,0.21052631578947367,1
-0.066162702429149789,0.15676113360323884,0.38461538461538464,0.26315789473684209,1
-0.074496220352548589,0.17846097334459604,0.38461538461538464,0.31578947368421051,1
-0.083352967138090928,0.20042214389811025,0.38461538461538464,0.36842105263157893,1
-0.093026262729842643,0.22313002308043625,0.38461538461538464,0.42105263157894735,0.99999999999999989
-0.10346902230145376,0.24640274289104819,0.38461538461538464,0.47368421052631576,1
-0.11322636168675576,0.27077126568970339,0.38461538461538464,0.52631578947368418,1
-0.12216178037869098,0.29620242629059546,0.38461538461538464,0.57894736842105265,1
-0.13186341531348594,0.32220466996721553,0.38461538461538464,0.63157894736842102,1
-0.14252830940804015,0.3489692866412108,0.38461538461538464,0.68421052631578949,1
-0.15406756072874495,0.3761133603238867,0.38461538461538464,0.73684210526315785,1.0000000000000002
-0.16489583515462025,0.41172138948234177,0.38461538461538464,0.78947368421052633,0.99999999999999989
-0.17534539400181148,0.45015876128767002,0.38461538461538464,0.84210526315789469,1
-0.18698501961787239,0.48933386774667942,0.38461538461538464,0.89473684210526316,1
-0.20031426671957056,0.52900298605393603,0.38461538461538464,0.94736842105263153,1
-0.21346153846153842,0.56865384615384618,0.38461538461538464,1,1
0,0.0625,0.41025641025641024,0,1
-0.010700690407323358,0.08162540526197129,0.41025641025641024,0.052631578947368418,1
-0.021164877184824987,0.10062251718877262,0.41025641025641024,0.10526315789473684,1
-0.031797917687736141,0.11971835800606606,0.41025641025641024,0.15789473684210525,1
-0.043047269317865997,0.13911339599123268,0.41025641025641024,0.21052631578947367,1.0000000000000002
-0.053931596041904728,0.15959447112988923,0.41025641025641024,0.26315789473684209,1
-0.059621555252624713,0.18148999456483478,0.41025641025641024,0.31578947368421051,1
-0.066441995424766781,0.20384250030110299,0.41025641025641024,0.36842105263157893,1
-0.073878986079373557,0.22659184666876375,0.41025641025641024,0.42105263157894735,0.99999999999999978
-0.082016834617877205,0.24967998797841093,0.41025641025641024,0.47368421052631576,1
-0.089685680255351952,0.27410380153704467,0.41025641025641024,0.52631578947368418,1
-0.096694596368650521,0.29978749232565644,0.41025641025641024,0.57894736842105265,0.99999999999999989
-0.10440957292875198,0.32581685176243119,0.41025641025641024,0.63157894736842102,0.99999999999999989
-0.11291965913212579,0.35230316324214134,0.41025641025641024,0.68421052631578949,1.0000000000000002
-0.12328143054102242,0.37954088266232983,0.41025641025641024,0.73684210526315785,0.99999999999999978
-0.13081123762789337,0.41465080998994996,0.41025641025641024,0.78947368421052633,0.99999999999999989
-0.13917254136767343,0.45310306923122351,0.41025641025641024,0.84210526315789469,0.99999999999999989
-0.14855164685757105,0.49204262997522796,0.41025641025641024,0.89473684210526316,1.0000000000000002
-0.15878741455476017,0.53141527362514873,0.41025641025641024,0.94736842105263153,1
-0.17019230769230773,0.57173076923076915,0.41025641025641024,1,1
0,0.0625,0.4358974358974359,0,1
-0.0079905190886284446,0.082096981557890178,0.4358974358974359,0.052631578947368418,1.0000000000000002
-0.015795486378368775,0.10154770661159748,0.4358974358974359,0.10526315789473684,0.99999999999999989
-0.023726457095000462,0.12110329726836241,0.4358974358974359,0.15789473684210525,1
-0.032186994769167816,0.14099658800783699,0.4358974358974359,0.21052631578947367,0.99999999999999989
-0.040315677690482402,0.16178995587303974,0.4358974358974359,0.26315789473684209,0.99999999999999989
-0.044054824131638526,0.18390645840478942,0.4358974358974359,0.31578947368421051,1
-0.048792305786600619,0.2064076704330374,0.4358974358974359,0.36842105263157893,1.0000000000000002
-0.053980416205911014,0.2293117828092413,0.4358974358974359,0.42105263157894735,1
-0.059855413756500636,0.25258549705534084,0.4358974358974359,0.47368421052631576,1
-0.065386853013196355,0.27704503632077215,0.4358974358974359,0.52631578947368418,1
-0.070424689161255466,0.3026476449594136,0.4358974358974359,0.57894736842105265,1.0000000000000002
-0.076179781330380281,0.32865105880245105,0.4358974358974359,0.63157894736842102,1
-0.082453619676968543,0.35501509864651898,0.4358974358974359,0.68421052631578949,1
-0.090355136408662343,0.38202841142508909,0.4358974358974359,0.73684210526315785,1
-0.095749420852838954,0.41711455751041715,0.4358974358974359,0.78947368421052633,0.99999999999999978
-0.10180691882467996,0.45546221797341657,0.4358974358974359,0.84210526315789469,1
-0.10870402855068613,0.49423479287645494,0.4358974358974359,0.89473684210526316,1
-0.11621439079121802,0.53340653183972719,0.4358974358974359,0.94736842105263153,1
-0.12439903846153848,0.57307692307692304,0.4358974358974359,1,1
0,0.0625,0.46153846153846156,0,1
-0.005192812505194648,0.082466639170534761,0.46153846153846156,0.052631578947368418,0.99999999999999967
-0.010290672016733891,0.10226038040655812,0.46153846153846156,0.10526315789473684,0.99999999999999989
-0.015456334080766717,0.12217610080601343,0.46153846153846156,0.15789473684210525,0.99999999999999989
-0.020840542571804385,0.14251435479550678,0.46153846153846156,0.21052631578947367,1
-0.025474443319838065,0.16342105263157894,0.46153846153846156,0.26315789473684209,1
-0.028128995949074205,0.18583508486934086,0.46153846153846156,0.31578947368421051,0.99999999999999989
-0.030776978541713917,0.20846187181018191,0.46153846153846156,0.36842105263157893,1
-0.033717402249281103,0.23154708415853004,0.46153846153846156,0.42105263157894735,1
-0.036919305298489809,0.25505932316534008,0.46153846153846156,0.47368421052631576,1
-0.040262872497339092,0.2795363726664411,0.46153846153846156,0.52631578947368418,1
-0.043810384615267602,0.30509586883614886,0.46153846153846156,0.57894736842105265,1
-0.047617112997086083,0.3310911760835672,0.46153846153846156,0.63157894736842102,1
-0.05166006813600512,0.35740144675998825,0.46153846153846156,0.68421052631578949,1
-0.05553517206477733,0.38368421052631579,0.46153846153846156,0.73684210526315785,1
-0.059917740679763437,0.4191560200707739,0.46153846153846156,0.78947368421052633,1
-0.064059258484399501,0.45752599689243656,0.46153846153846156,0.84210526315789469,1
-0.06836327106913892,0.49611303570293536,0.46153846153846156,0.89473684210526316,1
-0.07306770849871537,0.53500202436198963,0.46153846153846156,0.94736842105263153,1
-0.077764423076923037,0.57384615384615378,0.46153846153846156,1,1
0,0.0625,0.48717948717948717,0,1
-0.0023174150921431154,0.082713650622361787,0.48717948717948717,0.052631578947368418,1
-0.0046772790582064391,0.10279926269294964,0.48717948717948717,0.10526315789473684,1
-0.0070166949123558675,0.12297799294589995,0.48717948717948717,0.15789473684210525,1
-0.0091675674328611286,0.14346350162087257,0.48717948717948717,0.21052631578947367,1
-0.010653492717953216,0.16485241867934244,0.48717948717948717,0.26315789473684209,1.0000000000000002
-0.011865254220306889,0.18726024328496119,0.48717948717948717,0.31578947368421051,0.99999999999999989
-0.012478581800648023,0.21011078505064232,0.48717948717948717,0.36842105263157893,1.0000000000000002
-0.01311904875436358,0.23332543472871731,0.48717948717948717,0.42105263157894735,1
-0.013608096258979022,0.25690354754817063,0.48717948717948717,0.47368421052631576,0.99999999999999989
-0.014787927760418576,0.28144104408914772,0.48717948717948717,0.52631578947368418,1
-0.01688296785900362,0.3071590647960476,0.48717948717948717,0.57894736842105265,0.99999999999999989
-0.018804833017055947,0.3332327511886789,0.48717948717948717,0.63157894736842102,1
-0.020584736293094694,0.35946851242042799,0.48717948717948717,0.68421052631578949,1
-0.020892194824695919,0.38532529739817162,0.48717948717948717,0.73684210526315785,1
-0.02376153947008584,0.4208542815782278,0.48717948717948717,0.78947368421052633,1.0000000000000002
-0.026011307652580005,0.45933561556792413,0.48717948717948717,0.84210526315789469,1
-0.027679800319210433,0.49772521370667133,0.48717948717948717,0.89473684210526316,1
-0.029355802593893147,0.53618872124752359,0.48717948717948717,0.94736842105263153,1
-0.031129807692307714,0.57461538461538453,0.48717948717948717,1,1
0,0.0625,0.51282051282051277,0,1
0.0005672002924722603,0.082875593942199816,0.51282051282051277,0.052631578947368418,0.99999999999999989
0.0010298818963300317,0.1031107353696869,0.51282051282051277,0.10526315789473684,1
0.0015664917593424272,0.12344969100898456,0.51282051282051277,0.15789473684210525,1.0000000000000002
0.0023708941056003897,0.14411127490022477,0.51282051282051277,0.21052631578947367,1
0.0036051105209131797,0.16566213527853263,0.51282051282051277,0.26315789473684209,0.99999999999999978
0.0046016884085275048,0.18822663844866752,0.51282051282051277,0.31578947368421051,0.99999999999999989
0.0060477265599888468,0.21117970839840544,0.51282051282051277,0.36842105263157893,1
0.0077443203415063916,0.23459048399408047,0.51282051282051277,0.42105263157894735,1
0.0095573895709804464,0.25836103742671307,0.51282051282051277,0.47368421052631576,0.99999999999999989
0.010477760498690718,0.28301999145756879,0.51282051282051277,0.52631578947368418,1
0.010281008524315759,0.30878848653104629,0.51282051282051277,0.57894736842105265,1
0.010222487489329916,0.33490896198583475,0.51282051282051277,0.63157894736842102,1
0.010583623339788269,0.36128511001328401,0.51282051282051277,0.68421052631578949,0.99999999999999978
0.012268230276518667,0.38722813140626877,0.51282051282051277,0.73684210526315785,0.99999999999999978
0.01194190182546072,0.42259517226648685,0.51282051282051277,0.78947368421052633,1.0000000000000002
0.012266679366673331,0.46083594659249771,0.51282051282051277,0.84210526315789469,1
0.01324579796636636,0.49900199887055907,0.51282051282051277,0.89473684210526316,0.99999999999999978
0.014546019268454918,0.53720086699651137,0.51282051282051277,0.94736842105263153,1.0000000000000002
0.015504807692307592,0.57538461538461538,0.51282051282051277,1,1
0,0.0625,0.53846153846153844,0,1
0.0033898581724087092,0.082938234034800384,0.53846153846153844,0.052631578947368418,1
0.0066690334926648972,0.10316244296592775,0.53846153846153844,0.10526315789473684,1
0.01002613267499639,0.12353777634340091,0.53846153846153844,0.15789473684210525,1
0.013656422764455407,0.1444339907777385,0.53846153846153844,0.21052631578947367,1.0000000000000002
0.017301366396761091,0.1658502024291498,0.53846153846153844,0.26315789473684209,1
0.020778948477923859,0.18859309880168801,0.53846153846153844,0.31578947368421051,1.0000000000000002
0.024397267682691272,0.21152771839250495,0.53846153846153844,0.36842105263157893,1.0000000000000002
0.028332034159848238,0.23512353362175062,0.53846153846153844,0.42105263157894735,1
0.032576383593181303,0.25943144238630106,0.53846153846153844,0.47368421052631576,1
0.035533423681781445,0.28427286435703769,0.53846153846153844,0.52631578947368418,1
0.037140873656209904,0.30976543570827625,0.53846153846153844,0.57894736842105265,0.99999999999999978
0.039060169664566019,0.33597888501406836,0.53846153846153844,0.63157894736842102,1.0000000000000002
0.041352127303138711,0.36271006797978478,0.53846153846153844,0.68421052631578949,1
0.043946103238866295,0.38939271255060726,0.53846153846153844,0.73684210526315785,0.99999999999999989
0.047026981246225077,0.42436388972566064,0.53846153846153844,0.78947368421052633,1.0000000000000002
0.05017652496131577,0.46203589307480203,0.53846153846153844,0.84210526315789469,1.0000000000000002
0.053779053226546573,0.5000000132685728,0.53846153846153844,0.89473684210526316,1.0000000000000002
0.057999402035776568,0.53813098972806883,0.53846153846153844,0.94736842105263153,0.99999999999999989
0.062139423076922988,0.57615384615384613,0.53846153846153844,1,1
0,0.0625,0.5641025641025641,0,1
0.0061360695976555146,0.082847400509721877,0.5641025641025641,0.052631578947368418,1.0000000000000002
0.012199557176951467,0.1029969177518113,0.5641025641025641,0.10526315789473684,0.99999999999999989
0.018316493273162388,0.12328719098571966,0.5641025641025641,0.15789473684210525,0.99999999999999989
0.024580791039898457,0.14405055002794986,0.5641025641025641,0.21052631578947367,1
0.030845249588089801,0.16580971946918904,0.5641025641025641,0.26315789473684209,1
0.036621028203556789,0.18826330372000921,0.5641025641025641,0.31578947368421051,0.99999999999999978
0.042463517038785863,0.21127321326899667,0.5641025641025641,0.36842105263157893,1
0.048585142302744078,0.23492864339510136,0.5641025641025641,0.42105263157894735,1
0.055149840459650101,0.25949810540303586,0.5641025641025641,0.47368421052631576,0.99999999999999989
0.060119413348703389,0.28456493211785994,0.5641025641025641,0.52631578947368418,1.0000000000000002
0.063643905784646571,0.31008636789345179,0.5641025641025641,0.57894736842105265,0.99999999999999989
0.067581102223751105,0.33655303888537391,0.5641025641025641,0.63157894736842102,1.0000000000000002
0.071729317678469739,0.36362295610748785,0.5641025641025641,0.68421052631578949,1
0.075314900181650712,0.39151376206577271,0.5641025641025641,0.73684210526315785,1
0.081474899553798427,0.42570344571630764,0.5641025641025641,0.78947368421052633,1
0.087627898116163824,0.46299297252929561,0.5641025641025641,0.84210526315789469,0.99999999999999989
0.093803164977855624,0.50080798512197144,0.5641025641025641,0.89473684210526316,0.99999999999999978
0.10063558964678601,0.53885269529249702,0.5641025641025641,0.94736842105263153,0.99999999999999978
0.10877403846153839,0.57692307692307687,0.5641025641025641,1,1
0,0.0625,0.58974358974358976,0,1
0.0088233490633943708,0.0826253548565197,0.58974358974358976,0.052631578947368418,1
0.017598432748277267,0.10258180999874449,0.58974358974358976,0.10526315789473684,1
0.026413094345243006,0.12266123009135173,0.58974358974358976,0.15789473684210525,1
0.035328325923373566,0.14316908184110003,0.58974358974358976,0.21052631578947367,1.0000000000000002
0.044184913442881557,0.16489294990154227,0.58974358974358976,0.26315789473684209,1.0000000000000002
0.052140686551478452,0.18725047091982219,0.58974358974358976,0.31578947368421051,1.0000000000000002
0.060173082527996719,0.21030618060566919,0.58974358974358976,0.36842105263157893,1
0.068481929132335195,0.23396589898104264,0.58974358974358976,0.42105263157894735,1
0.077242834550575748,0.25856084485305186,0.58974358974358976,0.47368421052631576,1
0.084275405917149618,0.28383486084083531,0.58974358974358976,0.52631578947368418,0.99999999999999989
0.089768171395826185,0.30970984940438206,0.58974358974358976,0.57894736842105265,1
0.095687835831994583,0.33650778016897687,0.58974358974358976,0.63157894736842102,1
0.10175250170031748,0.36401505660117733,0.58974358974358976,0.68421052631578949,0.99999999999999978
0.10714783198020109,0.39249118329633104,0.58974358974358976,0.73684210526315785,1
0.11576550175725739,0.4265378403667649,0.58974358974358976,0.78947368421052633,1.0000000000000002
0.1245140691329729,0.46365627864383768,0.58974358974358976,0.84210526315789469,1
0.13312234248948179,0.50136559620122079,0.58974358974358976,0.89473684210526316,0.99999999999999989
0.14253180786929207,0.53936904255613083,0.58974358974358976,0.94736842105263153,1
0.15420673076923072,0.57750000000000001,0.58974358974358976,1,1
0,0.0625,0.61538461538461542,0,1
0.011468540417826679,0.082296977333200641,0.61538461538461542,0.052631578947368418,0.99999999999999989
0.022794832784176121,0.10184108136743276,0.61538461538461542,0.10526315789473684,1
0.034222715923665339,0.12156398963890269,0.61538461538461542,0.15789473684210525,1.0000000000000002
0.045977568751871242,0.14189799102762651,0.61538461538461542,0.21052631578947367,1.0000000000000002
0.057293775303643713,0.16298582995951416,0.61538461538461542,0.26315789473684209,1
0.067278566905445591,0.18552981973833313,0.61538461538461542,0.31578947368421051,1.0000000000000002
0.077284344465885141,0.20834249536930333,0.61538461538461542,0.36842105263157893,0.99999999999999978
0.087802973304005077,0.23201788132333956,0.61538461538461542,0.42105263157894735,1
0.09890784310317384,0.25673337438334654,0.61538461538461542,0.47368421052631576,1
0.10805232558021997,0.28219501459090857,0.61538461538461542,0.52631578947368418,0.99999999999999989
0.1152836086712991,0.30828389669215311,0.61538461538461542,0.57894736842105265,0.99999999999999978
0.12307295736775098,0.33538896217784209,0.61538461538461542,0.63157894736842102,0.99999999999999978
0.13140769604190283,0.36354448144658713,0.61538461538461542,0.68421052631578949,1
0.13950531376518224,0.39217611336032382,0.61538461538461542,0.73684210526315785,1
0.15007385636588635,0.42682025444720539,0.61538461538461542,0.78947368421052633,1.0000000000000002
0.16013038584856598,0.46361939050791323,0.61538461538461542,0.84210526315789469,1
0.1707494277772294,0.5013463363354469,0.61538461538461542,0.89473684210526316,1.0000000000000002
0.18329554878538096,0.53957739001389093,0.61538461538461542,0.94736842105263153,1.0000000000000002
0.19603365384615387,0.57750000000000001,0.61538461538461542,1,1
0,0.0625,0.64102564102564108,0,1
0.014001574084266732,0.081788391783500003,0.64102564102564108,0.052631578947368418,1.0000000000000002
0.027826777148781692,0.10083708018034113,0.64102564102564108,0.10526315789473684,1
0.041775514079670839,0.12005610788732891,0.64102564102564108,0.15789473684210525,1.0000000000000002
0.056169862929225982,0.1398398304973042,0.64102564102564108,0.21052631578947367,0.99999999999999989
0.070293513153194154,0.16063142238066788,0.64102564102564108,0.26315789473684209,1.0000000000000002
0.081851673831297489,0.18290986325729874,0.64102564102564108,0.31578947368421051,0.99999999999999978
0.093891152909008291,0.2055711723198595,0.64102564102564108,0.36842105263157893,0.99999999999999978
0.10649216318626881,0.22906020596542317,0.64102564102564108,0.42105263157894735,1.0000000000000002
0.11980578260355229,0.25353787669635874,0.64102564102564108,0.47368421052631576,1
0.13108526458869288,0.279148742122172,0.64102564102564108,0.52631578947368418,1
0.14012059272046984,0.30573864822472585,0.64102564102564108,0.57894736842105265,1
0.1498868696980073,0.33330107345047577,0.64102564102564108,0.63157894736842102,0.99999999999999989
0.16037492694008035,0.36189181023372008,0.64102564102564108,0.68421052631578949,0.99999999999999978
0.17208294495458631,0.39127539464505412,0.64102564102564108,0.73684210526315785,1.0000000000000002
0.18330780007685199,0.42586488687931467,0.64102564102564108,0.78947368421052633,1.0000000000000002
0.19448023941071438,0.46284666072442959,0.64102564102564108,0.84210526315789469,1
0.2067627497547542,0.50075125294617018,0.64102564102564108,0.89473684210526316,1.0000000000000002
0.2213137281000005,0.53917843280675593,0.64102564102564108,0.94736842105263153,0.99999999999999989
0.23786057692307702,0.57750000000000001,0.64102564102564108,1,1
0,0.0625,0.66666666666666663,0,1
0.016424430728167475,0.081109558762198691,0.66666666666666663,0.052631578947368418,1
0.032685091371342928,0.099558449985446093,0.66666666666666663,0.10526315789473684,1
0.049064321921710757,0.1181267573275096,0.66666666666666663,0.15789473684210525,1
0.0658738483991608,0.13710731551582597,0.66666666666666663,0.21052631578947367,1
0.082582534532031446,0.15757814360562042,0.66666666666666663,0.26315789473684209,1
0.095863584163811882,0.1793933938025537,0.66666666666666663,0.31578947368421051,1
0.10995756525552,0.20195512495962376,0.66666666666666663,0.36842105263157893,1
0.12453776426670607,0.22507124112950916,0.66666666666666663,0.42105263157894735,1
0.13982983053450743,0.24913897706328075,0.66666666666666663,0.47368421052631576,1
0.15316979827974608,0.27485011775547813,0.66666666666666663,0.52631578947368418,1
0.16426855410999408,0.30205046939680658,0.66666666666666663,0.57894736842105265,0.99999999999999989
0.17608585753724743,0.33019639390242778,0.66666666666666663,0.63157894736842102,1
0.18866202117720338,0.35906133213952046,0.66666666666666663,0.68421052631578949,1
0.20315030364372472,0.38924937485115513,0.66666666666666663,0.73684210526315785,1
0.21520526429809361,0.42380301924655661,0.66666666666666663,0.78947368421052633,1
0.22753596782142516,0.46131891294894523,0.66666666666666663,0.84210526315789469,0.99999999999999978
0.24111930710138257,0.49955649049384954,0.66666666666666663,0.89473684210526316,0.99999999999999978
0.2566561014263074,0.53819772291266998,0.66666666666666663,0.94736842105263153,1
0.27968749999999998,0.57750000000000001,0.66666666666666663,1,1
0,0.0625,0.69230769230769229,0,1
0.018747142933350561,0.080324759947005983,0.69230769230769229,0.052631578947368418,0.99999999999999989
0.037207934834922532,0.097851160500938797,0.69230769230769229,0.10526315789473684,1.0000000000000002
0.055873114975411586,0.11559102269704116,0.69230769230769229,0.15789473684210525,1
0.075197824942485489,0.13400966934702102,0.69230769230769229,0.21052631578947367,1
0.093876509104611178,0.15354640213775289,0.69230769230769229,0.26315789473684209,1
0.10923834285528737,0.17513263285415714,0.69230769230769229,0.31578947368421051,0.99999999999999989
0.12500585012998999,0.19713865896477084,0.69230769230769229,0.36842105263157893,1.0000000000000002
0.14167831582765819,0.22003487626017662,0.69230769230769229,0.42105263157894735,1
0.15917825223917972,0.2438617633360349,0.69230769230769229,0.47368421052631576,1
0.17450631722027179,0.26963457208168612,0.69230769230769229,0.52631578947368418,1
0.18738476089589712,0.29716302397029148,0.69230769230769229,0.57894736842105265,1
0.20106739137555554,0.32558382841554251,0.69230769230769229,0.63157894736842102,1
0.21600024492503855,0.35519408599707603,0.69230769230769229,0.68421052631578949,1
0.23210318786956602,0.38564786428068154,0.69230769230769229,0.73684210526315785,1
0.2458831557210738,0.4210871556234731,0.69230769230769229,0.78947368421052633,1
0.25902014525479888,0.45869374912612931,0.69230769230769229,0.84210526315789469,1
0.2736394129369919,0.49745135351043013,0.69230769230769229,0.89473684210526316,1
0.29006184050134864,0.53681794127180293,0.69230769230769229,0.94736842105263153,1
0.30853365384615383,0.57596153846153841,0.69230769230769229,1,1
0,0.0625,0.71794871794871795,0,1
0.020858931975427288,0.079315982385243552,0.71794871794871795,0.052631578947368418,1.0000000000000002
0.041393873446954804,0.095782162163559795,0.71794871794871795,0.10526315789473684,0.99999999999999989
0.06215740115259652,0.11249487709163361,0.71794871794871795,0.15789473684210525,1
0.083712277009589053,0.13006635365036612,0.71794871794871795,0.21052631578947367,0.99999999999999989
0.10445976720647773,0.14881578947368418,0.71794871794871795,0.26315789473684209,1
0.12155588622812147,0.16982196826741808,0.71794871794871795,0.31578947368421051,0.99999999999999978
0.13910945893292223,0.19141962046759181,0.71794871794871795,0.36842105263157893,0.99999999999999967
0.15767969798676421,0.21397346544796489,0.71794871794871795,0.42105263157894735,1.0000000000000002
0.17749120873587448,0.23740680210301879,0.71794871794871795,0.47368421052631576,1
0.19471805656617738,0.2631844352763123,0.71794871794871795,0.52631578947368418,1
0.20917588488197095,0.29106396929698247,0.71794871794871795,0.57894736842105265,0.99999999999999989
0.22483251100405474,0.31979144538637916,0.71794871794871795,0.63157894736842102,1
0.24181218242159508,0.34980890584737634,0.71794871794871795,0.68421052631578949,1
0.25954579959514185,0.38092105263157894,0.71794871794871795,0.73684210526315785,1
0.27475278199390329,0.41692212066651574,0.71794871794871795,0.78947368421052633,1
0.28911974039696053,0.45503557923444082,0.71794871794871795,0.84210526315789469,0.99999999999999989
0.30481229577847124,0.49457222451330296,0.71794871794871795,0.89473684210526316,1
0.3216607090504684,0.53474868648392682,0.71794871794871795,0.94736842105263153,1.0000000000000002
0.33737980769230769,0.57442307692307693,0.71794871794871795,1,1
0,0.0625,0.74358974358974361,0,1
0.022745224820278808,0.078066549592175224,0.74358974358974361,0.052631578947368418,1
0.045250676526227572,0.093362062010952263,0.74358974358974361,0.10526315789473684,1
0.06792847201110748,0.10885134784243085,0.74358974358974361,0.15789473684210525,1
0.091225406969687867,0.12504563572706956,0.74358974358974361,0.21052631578947367,1
0.11439659523254858,0.14337624448047812,0.74358974358974361,0.26315789473684209,1
0.13281439008894044,0.1634591497098101,0.74358974358974361,0.31578947368421051,0.99999999999999989
0.1522940053569545,0.18483361498014172,0.74358974358974361,0.36842105263157893,0.99999999999999989
0.17256852355033195,0.20690845302758565,0.74358974358974361,0.42105263157894735,1
0.19414735797758442,0.22972508506201436,0.74358974358974361,0.47368421052631576,1
0.21321457431858909,0.25542567553548606,0.74358974358974361,0.52631578947368418,1
0.22967159126458095,0.2837790018559716,0.74358974358974361,0.57894736842105265,1.0000000000000002
0.24740956816142964,0.3128627848185534,0.74358974358974361,0.63157894736842102,1
0.26609299668456143,0.34290270432472547,0.74358974358974361,0.68421052631578949,0.99999999999999978
0.2861666541825123,0.37507782725593752,0.74358974358974361,0.73684210526315785,1
0.3017484488557724,0.41093856936183892,0.74358974358974361,0.78947368421052633,1
0.3178638474216996,0.45036798090490204,0.74358974358974361,0.84210526315789469,1.0000000000000004
0.33468362088042414,0.49094145889427909,0.74358974358974361,0.89473684210526316,1.0000000000000002
0.35149156064025272,0.5319509424747233,0.74358974358974361,0.94736842105263153,0.99999999999999989
0.36622596153846154,0.57288461538461544,0.74358974358974361,1,1
0,0.0625,0.76923076923076927,0,1
0.024484341550321601,0.076656953058753599,0.76923076923076927,0.052631578947368418,1
0.04860843170653955,0.090555772300259546,0.76923076923076927,0.10526315789473684,1.0000000000000002
0.072992932393385224,0.10463404348557179,0.76923076923076927,0.15789473684210525,0.99999999999999989
0.098178897603175899,0.11938924329894482,0.76923076923076927,0.21052631578947367,0.99999999999999989
0.12289615629579911,0.13635885312808838,0.76923076923076927,0.26315789473684209,1
0.14311594605267489,0.15623438051012487,0.76923076923076927,0.31578947368421051,0.99999999999999978
0.16403226814986571,0.17707426586209038,0.76923076923076927,0.36842105263157893,1.0000000000000002
0.18615344387706481,0.19875627217859973,0.76923076923076927,0.42105263157894735,1
0.20957457731638238,0.22128033094696306,0.76923076923076927,0.47368421052631576,1.0000000000000002
0.23045770585161288,0.24684518356107074,0.76923076923076927,0.52631578947368418,0.99999999999999989
0.24865074332638748,0.27516473652461132,0.76923076923076927,0.57894736842105265,1
0.26807385251805882,0.30424572768215141,0.76923076923076927,0.63157894736842102,1
0.28904623704706162,0.33467764018902701,0.76923076923076927,0.68421052631578949,1
0.31097256581683241,0.36675033314456001,0.76923076923076927,0.73684210526315785,0.99999999999999989
0.32808426431760007,0.40391087467828568,0.76923076923076927,0.78947368421052633,1
0.34480042934769711,0.44432323518481076,0.76923076923076927,0.84210526315789469,0.99999999999999978
0.36264351702663911,0.48608444520850913,0.76923076923076927,0.89473684210526316,1
0.38104683940770945,0.52871518322117383,0.76923076923076927,0.94736842105263153,1
0.39759615384615388,0.57076775384615386,0.76923076923076927,1,1
0,0.0625,0.79487179487179482,0,1
0.025959887604224782,0.075100889301085161,0.79487179487179482,0.052631578947368418,0.99999999999999989
0.05145658260527923,0.087496142756362416,0.79487179487179482,0.10526315789473684,1.0000000000000002
0.077279815086595413,0.10003712262620852,0.79487179487179482,0.15789473684210525,1
0.10423906353648062,0.11306983983018695,0.79487179487179482,0.21052631578947367,0.99999999999999989
0.13012398785425097,0.12794534412955469,0.79487179487179482,0.26315789473684209,1
0.15199141460783622,0.14815954596800107,0.79487179487179482,0.31578947368421051,1
0.17434020902979241,0.16834767955257621,0.79487179487179482,0.36842105263157893,0.99999999999999989
0.19812416549993686,0.18943957715115906,0.79487179487179482,0.42105263157894735,1
0.22356060970603539,0.21191683177545648,0.79487179487179482,0.47368421052631576,1.0000000000000002
0.2462256193840161,0.23727328137671122,0.79487179487179482,0.52631578947368418,1
0.26573638908582992,0.26501407341236044,0.79487179487179482,0.57894736842105265,1
0.28685525761709069,0.29407798464256174,0.79487179487179482,0.63157894736842102,1
0.30992125349697236,0.3247213423889585,0.79487179487179482,0.68421052631578949,0.99999999999999989
0.33417257085020236,0.35622469635627535,0.79487179487179482,0.73684210526315785,1
0.35302739663696359,0.39536846174959994,0.79487179487179482,0.78947368421052633,1
0.36997670942532979,0.43678150337272892,0.79487179487179482,0.84210526315789469,1
0.38903092074061202,0.47989914512552434,0.79487179487179482,0.89473684210526316,1
0.40952996661448082,0.52430705727517213,0.79487179487179482,0.94736842105263153,1
0.42980769230769222,0.56845809230769229,0.79487179487179482,1,1
0,0.0625,0.82051282051282048,0,1
0.027109965887188253,0.073390688259109327,0.82051282051282048,0.052631578947368418,1
0.053843087480593348,0.084219306703524344,0.82051282051282048,0.10526315789473684,0.99999999999999978
0.080847148338665867,0.095101405295180103,0.82051282051282048,0.15789473684210525,0.99999999999999989
0.10878017333445755,0.10606275303643727,0.82051282051282048,0.21052631578947367,1
0.13676583814077686,0.1193717642563798,0.82051282051282048,0.26315789473684209,1
0.159385389471631,0.13922235301415342,0.82051282051282048,0.31578947368421051,1
0.18336155832177775,0.15877855245360398,0.82051282051282048,0.36842105263157893,0.99999999999999978
0.20853941049822,0.17900476353932523,0.82051282051282048,0.42105263157894735,1
0.23522749806227033,0.20070945762179282,0.82051282051282048,0.47368421052631576,0.99999999999999978
0.25953787554522129,0.22568201967395282,0.82051282051282048,0.52631578947368418,1
0.28099627933531207,0.25338476836138735,0.82051282051282048,0.57894736842105265,1
0.30395000174530229,0.28253433576158754,0.82051282051282048,0.63157894736842102,0.99999999999999978
0.3286208236892556,0.31297654766705041,0.82051282051282048,0.68421052631578949,0.99999999999999978
0.35631879829976115,0.34497553307573769,0.82051282051282048,0.73684210526315785,0.99999999999999989
0.37509664185358937,0.38444343701077593,0.82051282051282048,0.78947368421052633,1
0.3935555842030638,0.42785552008727828,0.82051282051282048,0.84210526315789469,1
0.41407055231438228,0.47250494579125407,0.82051282051282048,0.89473684210526316,1
0.43639182645703994,0.5183711277235028,0.82051282051282048,0.94736842105263153,1
0.46201923076923068,0.56614843076923071,0.82051282051282048,1,1
0,0.0625,0.84615384615384615,0,1
0.028020897061277316,0.071609311740890677,0.84615384615384615,0.052631578947368418,0.99999999999999989
0.055649432375097924,0.080681381592964813,0.84615384615384615,0.10526315789473684,1
0.083562276990396089,0.089785539533383377,0.84615384615384615,0.15789473684210525,1.0000000000000002
0.11242389803081383,0.098937246963562778,0.84615384615384615,0.21052631578947367,1.0000000000000002
0.14143436040798335,0.11066731081508424,0.84615384615384615,0.26315789473684209,1
0.16541372755581857,0.1295476920001252,0.84615384615384615,0.31578947368421051,1
0.19068202424737246,0.14810280949161253,0.84615384615384615,0.36842105263157893,1
0.2172690014321505,0.16735822163575226,0.84615384615384615,0.42105263157894735,1.0000000000000002
0.2453616073740113,0.18811836450438391,0.84615384615384615,0.47368421052631576,1.0000000000000002
0.27119020348044393,0.2125646107670702,0.84615384615384615,0.52631578947368418,1
0.2942500288463466,0.24011454972582599,0.84615384615384615,0.57894736842105265,1
0.31873045290093455,0.26903472228408304,0.84615384615384615,0.63157894736842102,1.0000000000000002
0.34525763009268434,0.29958971846051385,0.84615384615384615,0.68421052631578949,1
0.37465128817830373,0.33153423752917904,0.84615384615384615,0.73684210526315785,1.0000000000000002
0.39513712768354886,0.37223727101887294,0.84615384615384615,0.78947368421052633,0.99999999999999989
0.41506940961878525,0.41712787347368996,0.84615384615384615,0.84210526315789469,1
0.4371876735295715,0.46339365760489537,0.84615384615384615,0.89473684210526316,1
0.46159425560683753,0.51118645161014242,0.84615384615384615,0.94736842105263153,1
0.48894230769230773,0.5606375846153846,0.84615384615384615,1,1
0,0.0625,0.87179487179487181,0,1
0.028674887257431302,0.069785229936926402,0.87179487179487181,0.052631578947368418,1
0.056835172950240292,0.076947078366368021,0.87179487179487181,0.10526315789473684,1
0.085358427726953179,0.084196362644550979,0.87179487179487181,0.15789473684210525,0.99999999999999978
0.11514063280576828,0.091740689323213359,0.87179487179487181,0.21052631578947367,0.99999999999999989
0.14412955465587043,0.10183198380566801,0.87179487179487181,0.26315789473684209,1
0.16989996441193417,0.11917450680419843,0.87179487179487181,0.31578947368421051,1
0.19612545248036831,0.13625951079158927,0.87179487179487181,0.36842105263157893,1
0.22403956538564282,0.15430555292233483,0.87179487179487181,0.42105263157894735,1
0.25396249962292494,0.17414312928099085,0.87179487179487181,0.47368421052631576,1.0000000000000002
0.28118206599738876,0.19792048605867996,0.87179487179487181,0.52631578947368418,1.0000000000000002
0.30500556636997922,0.22468826143269713,0.87179487179487181,0.57894736842105265,0.99999999999999989
0.33073480109365772,0.25309924269432399,0.87179487179487181,0.63157894736842102,1
0.35914406985634384,0.28385012899070416,0.87179487179487181,0.68421052631578949,0.99999999999999989
0.38917004048582993,0.31590080971659917,0.87179487179487181,0.73684210526315785,1
0.41287500954386613,0.35850011182501051,0.87179487179487181,0.78947368421052633,1
0.43358335926483271,0.40386028838291216,0.87179487179487181,0.84210526315789469,1
0.45743184243019258,0.45190643501144484,0.87179487179487181,0.89473684210526316,1.0000000000000002
0.48421197287271739,0.50218377815242277,0.87179487179487181,0.94736842105263153,0.99999999999999989
0.51057692307692304,0.55192555384615383,0.87179487179487181,1,1
0,0.0625,0.89743589743589747,0,1
0.028964875361568707,0.067868665762377656,0.89743589743589747,0.052631578947368418,0.99999999999999978
0.057504965874721821,0.073082451234406709,0.89743589743589747,0.10526315789473684,0.99999999999999978
0.086350329904454251,0.078403907872719572,0.89743589743589747,0.15789473684210525,0.99999999999999978
0.11616639061414691,0.084131521687868888,0.89743589743589747,0.21052631578947367,1
0.14620274338207886,0.092880501197499563,0.89743589743589747,0.26315789473684209,1
0.17266372334447297,0.1079921459236563,0.89743589743589747,0.31578947368421051,1
0.20003575539926829,0.12348838395900591,0.89743589743589747,0.36842105263157893,1
0.22891591637052344,0.13989388644655265,0.89743589743589747,0.42105263157894735,1.0000000000000002
0.25977657256881503,0.15787222711687857,0.89743589743589747,0.47368421052631576,1
0.28814470713324186,0.18064990638757292,0.89743589743589747,0.52631578947368418,1
0.31332562296441069,0.20714500137922112,0.89743589743589747,0.57894736842105265,1
0.34040617016861541,0.23511621943625205,0.89743589743589747,0.63157894736842102,1
0.36991605583686704,0.2653514578293254,0.89743589743589747,0.68421052631578949,1
0.40241372338963577,0.29931604491809261,0.89743589743589747,0.73684210526315785,1
0.42614873661240193,0.34092940293123458,0.89743589743589747,0.78947368421052633,1
0.44931411596015386,0.38827198110347161,0.89743589743589747,0.84210526315789469,1
0.47505215095058279,0.4383257298847536,0.89743589743589747,0.89473684210526316,0.99999999999999967
0.50320463807838889,0.49042053420973747,0.89743589743589747,0.94736842105263153,1
0.53221153846153846,0.54321352307692305,0.89743589743589747,1,1
0,0.0625,0.92307692307692313,0,1
0.028954675983504811,0.065864221253280827,0.92307692307692313,0.052631578947368418,1
0.057629241322979606,0.069079050163078984,0.92307692307692313,0.10526315789473684,1
0.086495150414316893,0.072395929073870491,0.92307692307692313,0.15789473684210525,0.99999999999999989
0.11613307096218393,0.076124547428144507,0.92307692307692313,0.21052631578947367,0.99999999999999989
0.14661432932464519,0.083008175035491474,0.92307692307692313,0.26315789473684209,0.99999999999999989
0.17375739443955723,0.096013568071187244,0.92307692307692313,0.31578947368421051,1.0000000000000002
0.20232507326467197,0.10973529804445967,0.92307692307692313,0.36842105263157893,0.99999999999999989
0.23183574625793088,0.1240787472120483,0.92307692307692313,0.42105263157894735,0.99999999999999989
0.2634341578158248,0.13999157237958532,0.92307692307692313,0.47368421052631576,1
0.2927548746320065,0.16145937515592146,0.92307692307692313,0.52631578947368418,1
0.31912949765078408,0.18741271705194931,0.92307692307692313,0.57894736842105265,0.99999999999999978
0.34761007667436344,0.21496458784347955,0.92307692307692313,0.63157894736842102,0.99999999999999989
0.37765905761295271,0.24413882024173725,0.92307692307692313,0.68421052631578949,1.0000000000000002
0.41165656383673932,0.27806765308884995,0.92307692307692313,0.73684210526315785,1
0.43649656750700933,0.3204450937702768,0.92307692307692313,0.78947368421052633,1
0.46211245502222326,0.37023379896973208,0.92307692307692313,0.84210526315789469,0.99999999999999989
0.48989798622997549,0.42252726418833109,0.92307692307692313,0.89473684210526316,1
0.5192210778081664,0.47631350068515788,0.92307692307692313,0.94736842105263153,1
0.55180288461538463,0.5327194999999999,0.92307692307692313,1,1
0,0.0625,0.94871794871794868,0,1
0.028791302770418359,0.063779787928298692,0.94871794871794868,0.052631578947368418,1
0.057348546188831409,0.064934744202194569,0.94871794871794868,0.10526315789473684,1.0000000000000002
0.086066685895993394,0.066175511830089878,0.94871794871794868,0.15789473684210525,0.99999999999999989
0.11541026989818101,0.067749849748665505,0.94871794871794868,0.21052631578947367,1
0.14514802631578946,0.072095141700404861,0.94871794871794868,0.26315789473684209,1
0.17392727345665618,0.083493568212786279,0.94871794871794868,0.31578947368421051,1
0.20330873172269268,0.095163756005971781,0.94871794871794868,0.36842105263157893,1
0.23349122398856975,0.10736219020794251,0.94871794871794868,0.42105263157894735,1.0000000000000002
0.26521472077331215,0.12072179886646325,0.94871794871794868,0.47368421052631576,1
0.29531682562591771,0.14060581440391146,0.94871794871794868,0.52631578947368418,1.0000000000000002
0.32329304092364286,0.16620704062389763,0.94871794871794868,0.57894736842105265,1
0.35280396577362011,0.19295936935385241,0.94871794871794868,0.63157894736842102,1.0000000000000002
0.38364636056035833,0.22108864199166506,0.94871794871794868,0.68421052631578949,1
0.41637778340080972,0.25154858299595134,0.94871794871794868,0.73684210526315785,1
0.44483819901519472,0.29766405246480027,0.94871794871794868,0.78947368421052633,0.99999999999999989
0.47287950627690045,0.35027715569230811,0.94871794871794868,0.84210526315789469,1
0.50267508586965493,0.40491646813219989,0.94871794871794868,0.89473684210526316,0.99999999999999989
0.53375913958049792,0.46080715819532397,0.94871794871794868,0.94736842105263153,1
0.56526442307692304,0.51687949999999994,0.94871794871794868,1,1
0,0.0625,0.97435897435897434,0,1
0.028453094149299207,0.061602109052365794,0.97435897435897434,0.052631578947368418,0.99999999999999989
0.056794184469071467,0.060644482728983852,0.97435897435897434,0.10526315789473684,1
0.085215685603652724,0.059729742173500064,0.97435897435897434,0.15789473684210525,1
0.11386592498503333,0.058936995349642606,0.97435897435897434,0.21052631578947367,1
0.14284539473684216,0.060718623481781392,0.97435897435897434,0.26315789473684209,1.0000000000000002
0.17317123506310889,0.070397832030798621,0.97435897435897434,0.31578947368421051,1.0000000000000002
0.20338152567770323,0.079980476044692508,0.97435897435897434,0.36842105263157893,1
0.23401986509774483,0.089845784081983196,0.97435897435897434,0.42105263157894735,0.99999999999999989
0.26491017206477729,0.099908906882591061,0.97435897435897434,0.47368421052631576,1
0.29560349190283403,0.11790485829959513,0.97435897435897434,0.52631578947368418,0.99999999999999989
0.32598555020702719,0.14365079928517518,0.97435897435897434,0.57894736842105265,0.99999999999999989
0.35656221506866603,0.16950277745079978,0.97435897435897434,0.63157894736842102,1.0000000000000002
0.38784765219907658,0.19608657718114045,0.97435897435897434,0.68421052631578949,1
0.41908527327935213,0.22268218623481767,0.97435897435897434,0.73684210526315785,1
0.45078936612899395,0.27214636571317663,0.97435897435897434,0.78947368421052633,1
0.48210117206179248,0.32863747718430691,0.97435897435897434,0.84210526315789469,0.99999999999999989
0.51404204240847384,0.38585870585900334,0.97435897435897434,0.89473684210526316,0.99999999999999978
0.54661198228095909,0.44369236569571702,0.97435897435897434,0.94736842105263153,0.99999999999999978
0.57872596153846145,0.50103949999999997,0.97435897435897434,1,1
0,0.0625,1,0,1
0.02796052631578947,0.059342105263157897,1,0.052631578947368418,1
0.055921052631578941,0.056184210526315795,1,0.10526315789473684,1
0.083881578947368418,0.053026315789473685,1,0.15789473684210525,1
0.11184210526315788,0.049868421052631583,1,0.21052631578947367,1
0.14054276315789471,0.049342105263157895,1,0.26315789473684209,1
0.17146381578947367,0.056710526315789475,1,0.31578947368421051,1
0.2023848684210526,0.064078947368421055,1,0.36842105263157893,1
0.23330592105263154,0.071447368421052634,1,0.42105263157894735,1
0.2642269736842105,0.078815789473684214,1,0.47368421052631576,1
0.2954769736842105,0.094868421052631574,1,0.52631578947368418,1
0.32705592105263159,0.11960526315789474,1,0.57894736842105265,1
0.35863486842105263,0.14434210526315788,1,0.63157894736842102,1
0.39021381578947367,0.16907894736842105,1,0.68421052631578949,1
0.42179276315789471,0.19381578947368419,1,0.73684210526315785,1
0.45534539473684216,0.24503149999999999,1,0.78947368421052633,1
0.48955592105263157,0.30507349999999994,1,0.84210526315789469,1
0.52376644736842104,0.36511549999999998,1,0.89473684210526316,1
0.55797697368421051,0.42515749999999997,1,0.94736842105263153,1
0.59218749999999998,0.48519950000000001,1,1,1
