-0.0093750003700000008,0.082500003299999999,0,0,1
-0.054440790397368426,0.079342108436842099,0,0.052631578947368418,1
-0.09950658042473684,0.076184213573684212,0,0.10526315789473684,1
-0.14457237045210528,0.073026318710526325,0,0.15789473684210525,1
-0.18963816047947368,0.069868423847368424,0,0.21052631578947367,1
-0.23544408305263156,0.070657897189473684,0,0.26315789473684209,1
-0.28347040326315792,0.083289475147368425,0,0.31578947368421051,1
-0.3314967234736842,0.095921053105263165,0,0.36842105263157893,1
-0.37952304368421053,0.10855263106315789,0,0.42105263157894735,1
-0.4275493638947368,0.12118420902105263,0,0.47368421052631576,1
-0.477713836,0.14460526052631578,0,0.52631578947368418,1
-0.53001646000000002,0.17881578557894739,0,0.57894736842105265,1
-0.58231908399999999,0.2130263106315789,0,0.63157894736842102,1
-0.63462170800000006,0.24723683568421051,0,0.68421052631578949,1
-0.68692433199999992,0.28144736073684207,0,0.73684210526315785,1
-0.73799341284210529,0.34249999357894739,0,0.78947368421052633,1
-0.78865131263157884,0.41249999568421047,0,0.84210526315789469,1
-0.83930921242105261,0.48249999778947367,0,0.89473684210526316,1
-0.88996711221052638,0.55249999989473675,0,0.94736842105263153,1
-0.94062501200000004,0.622500002,0,1,1
-0.010336539056153848,0.082500003299999999,0.02564102564102564,0,1
-0.056367207893428403,0.081940404197143657,0.02564102564102564,0.052631578947368418,1
-0.10207923158482995,0.081440540467645664,0.02564102564102564,0.10526315789473684,1
-0.14805551664357303,0.080897790971964922,0.02564102564102564,0.15789473684210525,1
-0.19464700735399287,0.080233047749537628,0.02564102564102564,0.21052631578947367,1.0000000000000002
-0.2411121025506073,0.083491905163562752,0.02564102564102564,0.26315789473684209,1
-0.28827256320140804,0.09829658844716109,0.02564102564102564,0.31578947368421051,1
-0.33522159481645308,0.1130930221881388,0.02564102564102564,0.36842105263157893,1
-0.38316159815444267,0.12776990590968601,0.02564102564102564,0.42105263157894735,1
-0.4315979439757085,0.14243927110364374,0.02564102564102564,0.47368421052631576,1
-0.48110452173279356,0.16780364227530362,0.02564102564102564,0.52631578947368418,0.99999999999999989
-0.5315588945633184,0.20369324043577539,0.02564102564102564,0.57894736842105265,1
-0.58244815167403463,0.23949009809076699,0.02564102564102564,0.63157894736842102,1
-0.63462915564697209,0.27558448027428106,0.02564102564102564,0.68421052631578949,1
-0.68667130236437235,0.31177124570850195,0.02564102564102564,0.73684210526315785,0.99999999999999989
-0.73606794394144381,0.37241800774462702,0.02564102564102564,0.78947368421052633,1
-0.78357774974558458,0.4407480837926262,0.02564102564102564,0.84210526315789469,1
-0.83217301390485021,0.50953088727585416,0.02564102564102564,0.89473684210526316,1
-0.88201370846115024,0.57889516770188654,0.02564102564102564,0.94736842105263153,1
-0.93100962738461535,0.64788461153846155,0.02564102564102564,1,1
-0.011298077742307693,0.082500003299999999,0.05128205128205128,0,1
-0.057753367852632888,0.084621024867427216,0.05128205128205128,0.052631578947368418,1
-0.10370442655043051,0.086866878084264007,0.05128205128205128,0.10526315789473684,0.99999999999999978
-0.15018775345969743,0.089026919950533856,0.05128205128205128,0.15789473684210525,1.0000000000000002
-0.19835727579857057,0.090853391539466144,0.05128205128205128,0.21052631578947367,1
-0.24678012204858302,0.09632591313765182,0.05128205128205128,0.26315789473684209,1.0000000000000002
-0.29077066705288157,0.11364277204807445,0.05128205128205128,0.31578947368421051,0.99999999999999989
-0.33650389172819445,0.13053961572053802,0.05128205128205128,0.36842105263157893,0.99999999999999989
-0.38409357581763703,0.14721129785274012,0.05128205128205128,0.42105263157894735,0.99999999999999989
-0.43485345646466489,0.1637397217841044,0.05128205128205128,0.47368421052631576,1
-0.48366513827695629,0.19099610377988416,0.05128205128205128,0.52631578947368418,1
-0.52998808808728604,0.22823090507528526,0.05128205128205128,0.57894736842105265,1
-0.57947448984811534,0.26531309565501582,0.05128205128205128,0.63157894736842102,1
-0.63138567524120326,0.30295820035438525,0.05128205128205128,0.68421052631578949,1
-0.68641827272874478,0.34209513068016195,0.05128205128205128,0.73684210526315785,0.99999999999999989
-0.73170514371463147,0.40130781580500097,0.05128205128205128,0.78947368421052633,1.0000000000000002
-0.77528347622069238,0.46758621837699893,0.05128205128205128,0.84210526315789469,1
-0.82190224089817221,0.53513793825744771,0.05128205128205128,0.89473684210526316,1.0000000000000002
-0.87107602486026714,0.60388395290758545,0.05128205128205128,0.94736842105263153,1
-0.92139424276923088,0.67326922107692311,0.05128205128205128,1,1
-0.012259616428461538,0.082500003299999985,0.076923076923076927,0,1
-0.058527603551302682,0.087394891084931731,0.076923076923076927,0.052631578947368418,1
-0.10451622312220482,0.092439171207370469,0.076923076923076927,0.10526315789473684,1
-0.15113845432196216,0.097381401332897827,0.076923076923076927,0.15789473684210525,1
-0.19984252824161675,0.10191189203141225,0.076923076923076927,0.21052631578947367,1
-0.25026621040990554,0.10957107703468622,0.076923076923076927,0.26315789473684209,1
-0.29102638229795952,0.12931895081896821,0.076923076923076927,0.31578947368421051,1.0000000000000002
-0.33570584468478393,0.14822006515152925,0.076923076923076927,0.36842105263157893,1.0000000000000002
-0.38257109806226419,0.16685593007352478,0.076923076923076927,0.42105263157894735,1
-0.43374178046727963,0.18529011403830092,0.076923076923076927,0.47368421052631576,1
-0.48165480949444944,0.21415596425086761,0.076923076923076927,0.52631578947368418,0.99999999999999989
-0.52559404329838955,0.25246043142812119,0.076923076923076927,0.57894736842105265,1.0000000000000002
-0.57385821204043774,0.29059030065197367,0.076923076923076927,0.63157894736842102,1.0000000000000002
-0.62497827705256614,0.3293840627685361,0.076923076923076927,0.68421052631578949,0.99999999999999978
-0.68272181076135385,0.371080891225472,0.076923076923076927,0.73684210526315785,0.99999999999999989
-0.72316616045822413,0.42843587040911252,0.076923076923076927,0.78947368421052633,1
-0.76417229618357108,0.49319117565700643,0.076923076923076927,0.84210526315789469,0.99999999999999989
-0.80894041170261444,0.55952261298608774,0.076923076923076927,0.89473684210526316,0.99999999999999989
-0.85675818806061343,0.62727979479512019,0.076923076923076927,0.94736842105263153,1
-0.91177885815384618,0.69865383061538455,0.076923076923076927,1,1
-0.0125000011,0.082500003299999999,0.10256410256410256,0,1
-0.058771321453906393,0.090243123257290461,0.10256410256410256,0.052631578947368418,1
-0.1043632814019288,0.097904607097871438,0.10256410256410256,0.10526315789473684,1
-0.15077995279924705,0.10564038633676948,0.10256410256410256,0.15789473684210525,0.99999999999999989
-0.19946043401029531,0.11333811592840409,0.10256410256410256,0.21052631578947367,0.99999999999999989
-0.24885299899741314,0.12373944885815331,0.10256410256410256,0.26315789473684209,1
-0.28918857154603284,0.14510008334837185,0.10256410256410256,0.31578947368421051,1.0000000000000002
-0.3324071746030724,0.16540668431493133,0.10256410256410256,0.36842105263157893,1
-0.37853178618320887,0.18627844686590395,0.10256410256410256,0.42105263157894735,0.99999999999999978
-0.42869875140857494,0.20706550426868517,0.10256410256410256,0.47368421052631576,0.99999999999999989
-0.47552970527705446,0.23728647719686216,0.10256410256410256,0.52631578947368418,1.0000000000000002
-0.51820458679987369,0.27601070474874712,0.10256410256410256,0.57894736842105265,0.99999999999999978
-0.56475157002157139,0.31464208775071811,0.10256410256410256,0.63157894736842102,0.99999999999999989
-0.61549661453577609,0.35479867123966752,0.10256410256410256,0.68421052631578949,1
-0.67129347909342207,0.39706203233562987,0.10256410256410256,0.73684210526315785,1
-0.71112231184961405,0.45408537184536202,0.10256410256410256,0.78947368421052633,0.99999999999999978
-0.74951186595460617,0.5171577242460027,0.10256410256410256,0.84210526315789469,1
-0.79231604564539349,0.58213032902471917,0.10256410256410256,0.89473684210526316,1
-0.83949307258804429,0.6492810481025505,0.10256410256410256,0.94736842105263153,1
-0.88918269599999999,0.71769229230769227,0.10256410256410256,1,1
-0.0125000011,0.082500003299999999,0.12820512820512819,0,1
-0.058201353707899729,0.092940910870017379,0.12820512820512819,0.052631578947368418,1
-0.10307318554159697,0.10300666010916247,0.12820512820512819,0.10526315789473684,1
-0.14879679210996213,0.11333526082810141,0.12820512820512819,0.15789473684210525,0.99999999999999989
-0.19673329236610704,0.12461093190398356,0.12820512820512819,0.21052631578947367,1
-0.24310476546558707,0.13872469798380566,0.12820512820512819,0.26315789473684209,1
-0.28436135098418269,0.15982965620394093,0.12820512820512819,0.31578947368421051,1
-0.3262854209078207,0.18149549890805475,0.12820512820512819,0.36842105263157893,0.99999999999999978
-0.37111160379535812,0.20438197058237112,0.12820512820512819,0.42105263157894735,0.99999999999999989
-0.41921391788855245,0.22894282286913953,0.12820512820512819,0.47368421052631576,1
-0.46474416427676118,0.2602393230755416,0.12820512820512819,0.52631578947368418,1.0000000000000002
-0.50655331670035042,0.29778730863931274,0.12820512820512819,0.57894736842105265,1.0000000000000002
-0.55148563417349539,0.3369134684325964,0.12820512820512819,0.63157894736842102,0.99999999999999989
-0.60091310293265965,0.37802216430621322,0.12820512820512819,0.68421052631578949,1.0000000000000002
-0.65302379708502023,0.42038461154655882,0.12820512820512819,0.73684210526315785,1
-0.69407129893629027,0.47752150758736672,0.12820512820512819,0.78947368421052633,1
-0.72989452637657237,0.53873998845123849,0.12820512820512819,0.84210526315789469,1
-0.7709753312287182,0.60236607321625535,0.12820512820512819,0.89473684210526316,1
-0.8170212740242071,0.66858939009226193,0.12820512820512819,0.94736842105263153,1
-0.86225960800000001,0.7346153713846153,0.12820512820512819,1,1
-0.0125000011,0.082500003299999999,0.15384615384615385,0,1
-0.056690924342265289,0.095395728954014228,0.15384615384615385,0.052631578947368418,1.0000000000000002
-0.10071052755746522,0.10776103799099972,0.15384615384615385,0.10526315789473684,1
-0.14527536942943067,0.12048875266302395,0.15384615384615385,0.15789473684210525,1
-0.19095913191387268,0.13468185120423615,0.15384615384615385,0.21052631578947367,1
-0.2364802212783356,0.15296207796434241,0.15384615384615385,0.26315789473684209,1
-0.27650329534712959,0.17339298198956113,0.15384615384615385,0.31578947368421051,1
-0.3175010748154799,0.19653313675232725,0.15384615384615385,0.36842105263157893,1
-0.36043143502963559,0.22118342102696856,0.15384615384615385,0.42105263157894735,1
-0.40515671987511503,0.24851010691339478,0.15384615384615385,0.47368421052631576,1
-0.44898050784175353,0.28071761223534836,0.15384615384615385,0.52631578947368418,1.0000000000000002
-0.49078556154485697,0.31782814298304507,0.15384615384615385,0.57894736842105265,1.0000000000000002
-0.53429046645233669,0.35749406270019057,0.15384615384615385,0.63157894736842102,1
-0.58109771172017988,0.39896192140192077,0.15384615384615385,0.68421052631578949,1
-0.63264130759249981,0.44270809741613337,0.15384615384615385,0.73684210526315785,1
-0.66952719736239497,0.49750063397919153,0.15384615384615385,0.78947368421052633,1
-0.70557486494376476,0.55805903257531675,0.15384615384615385,0.84210526315789469,0.99999999999999989
-0.74517786888961335,0.62035881281481098,0.15384615384615385,0.89473684210526316,0.99999999999999978
-0.78835232167086211,0.68464056800835671,0.15384615384615385,0.94736842105263153,1.0000000000000002
-0.83533652000000003,0.75153845046153844,0.15384615384615385,1,1
-0.012019231756923076,0.082500003299999985,0.17948717948717949,0,1
-0.054590721532953523,0.097581963609884637,0.17948717948717949,0.052631578947368418,1
-0.09709563419356422,0.11213816257360179,0.17948717948717949,0.10526315789473684,1
-0.14002756829198754,0.12704156839076583,0.17948717948717949,0.15789473684210525,1
-0.18400062870585646,0.14342678982771792,0.17948717948717949,0.21052631578947367,1
-0.22785167769938813,0.16373130796434235,0.17948717948717949,0.26315789473684209,0.99999999999999989
-0.26607070460708498,0.18569540878535057,0.17948717948717949,0.31578947368421051,1
-0.30540471176483142,0.21031461004792815,0.17948717948717949,0.36842105263157893,1
-0.34640719757002419,0.23653753838690977,0.17948717948717949,0.42105263157894735,0.99999999999999978
-0.38924073195608672,0.26543318306724095,0.17948717948717949,0.47368421052631576,1
-0.43106553240855511,0.29857186255923501,0.17948717948717949,0.52631578947368418,1
-0.47077961015036962,0.33598391549182843,0.17948717948717949,0.57894736842105265,0.99999999999999978
-0.51226471960670561,0.37596636906606645,0.17948717948717949,0.63157894736842102,1
-0.55668173937911125,0.41778765061700662,0.17948717948717949,0.68421052631578949,1
-0.60602187638602201,0.46185789494649765,0.17948717948717949,0.73684210526315785,1.0000000000000002
-0.64122507370247583,0.51563828684558821,0.17948717948717949,0.78947368421052633,0.99999999999999989
-0.67585756762544102,0.57482752119410008,0.17948717948717949,0.84210526315789469,1
-0.71390525696718565,0.63574752504488385,0.17948717948717949,0.89473684210526316,1.0000000000000002
-0.75549554214049763,0.69840575541726357,0.17948717948717949,0.94736842105263153,0.99999999999999989
-0.80096152184615388,0.76384614938461537,0.17948717948717949,1,1
-0.011057693070769231,0.082500003300000013,0.20512820512820512,0,1
-0.052105374907830071,0.099538761356964517,0.20512820512820512,0.052631578947368418,1
-0.092501504994065259,0.1161501672491298,0.20512820512820512,0.10526315789473684,1
-0.13339838456041506,0.13297145042988651,0.20512820512820512,0.15789473684210525,0.99999999999999978
-0.17598730400171833,0.15082650473488557,0.20512820512820512,0.21052631578947367,1.0000000000000002
-0.21721913472874493,0.17103238798380566,0.20512820512820512,0.26315789473684209,1.0000000000000002
-0.25354124947317958,0.19659576537173876,0.20512820512820512,0.31578947368421051,1.0000000000000002
-0.2903795856021717,0.22269899557307987,0.20512820512820512,0.36842105263157893,1.0000000000000002
-0.32954007325894863,0.25022562460109532,0.20512820512820512,0.42105263157894735,0.99999999999999989
-0.37146665247790517,0.27971170091633563,0.20512820512820512,0.47368421052631576,1
-0.41099998591045789,0.31380175007933736,0.20512820512820512,0.52631578947368418,1
-0.44714599324581344,0.35209424785478205,0.20512820512820512,0.57894736842105265,0.99999999999999989
-0.48593447494931991,0.39226563940663578,0.20512820512820512,0.63157894736842102,1
-0.52839842516555224,0.43449448476114061,0.20512820512820512,0.68421052631578949,1
-0.57316550346558715,0.47783400413765192,0.20512820512820512,0.73684210526315785,1
-0.6093610597881115,0.53199811666099273,0.20512820512820512,0.78947368421052633,1
-0.6411321449974442,0.58937932044906194,0.20512820512820512,0.84210526315789469,0.99999999999999989
-0.67732938339553839,0.64896496323699004,0.20512820512820512,0.89473684210526316,1
-0.71844203795195594,0.7103796203030448,0.20512820512820512,0.94736842105263153,1
-0.75913461353846157,0.77153846815384619,0.20512820512820512,1,1
-0.010096154384615384,0.082500003299999999,0.23076923076923078,0,1
-0.04912271164493235,0.10133736509771359,0.23076923076923078,0.052631578947368418,1.0000000000000002
-0.087201350002264866,0.1198307874050102,0.23076923076923078,0.10526315789473684,1.0000000000000002
-0.12566855145778055,0.13833171701451547,0.23076923076923078,0.15789473684210525,0.99999999999999989
-0.16567911513156816,0.15691257496830946,0.23076923076923078,0.21052631578947367,1
-0.20584151243159651,0.17755677956341848,0.23076923076923078,0.26315789473684209,0.99999999999999989
-0.23863327824441302,0.20613708796563127,0.23076923076923078,0.31578947368421051,0.99999999999999989
-0.27322824330308182,0.23383497770320991,0.23076923076923078,0.36842105263157893,0.99999999999999978
-0.3100339769244011,0.26234064880494201,0.23076923076923078,0.42105263157894735,1
-0.34986583793258863,0.29130604433973251,0.23076923076923078,0.47368421052631576,0.99999999999999989
-0.38675489763853255,0.32621117810279016,0.23076923076923078,0.52631578947368418,1
-0.42015239983043001,0.36627008592718585,0.23076923076923078,0.57894736842105265,1
-0.45641126637818208,0.4067835062217029,0.23076923076923078,0.63157894736842102,1
-0.4958845610761512,0.44891093617847561,0.23076923076923078,0.68421052631578949,1
-0.53842018793788915,0.49283160554310357,0.23076923076923078,0.73684210526315785,1
-0.57114293214253908,0.54527056756326131,0.23076923076923078,0.78947368421052633,0.99999999999999989
-0.60219847816044392,0.60209139466359707,0.23076923076923078,0.84210526315789469,0.99999999999999989
-0.63652754313952697,0.66052042278138878,0.23076923076923078,0.89473684210526316,0.99999999999999978
-0.67517211162959345,0.72016757182854652,0.23076923076923078,0.94736842105263153,1
-0.71730770523076925,0.77923078692307679,0.23076923076923078,1,1
-0.0093750003700000008,0.082692310807692307,0.25641025641025639,0,1
-0.045747456278199344,0.10306608126739922,0.25641025641025639,0.052631578947368418,0.99999999999999989
-0.081143815140761202,0.12312912053247901,0.25641025641025639,0.10526315789473684,1.0000000000000002
-0.11676732725778924,0.14307084056857339,0.25641025641025639,0.15789473684210525,1
-0.15375104814349955,0.16273749850867095,0.25641025641025639,0.21052631578947367,1.0000000000000002
-0.1915491221174031,0.18458615095923508,0.25641025641025639,0.26315789473684209,1
-0.22139638071334122,0.21443165101160344,0.25641025641025639,0.31578947368421051,0.99999999999999989
-0.25372398631796966,0.24357384363769197,0.25641025641025639,0.36842105263157893,1
-0.28777623713590056,0.2728373471516462,0.25641025641025639,0.42105263157894735,0.99999999999999978
-0.32496364546185602,0.30243007606289563,0.25641025641025639,0.47368421052631576,1
-0.35907077635567491,0.33791388710266707,0.25641025641025639,0.52631578947368418,0.99999999999999989
-0.38965641165781995,0.37844582622059114,0.25641025641025639,0.57894736842105265,1
-0.42329208156445286,0.41930591179384974,0.25641025641025639,0.63157894736842102,0.99999999999999989
-0.45928271043487279,0.46112954224341751,0.25641025641025639,0.68421052631578949,1
-0.49925630489398476,0.50539343270302961,0.25641025641025639,0.73684210526315785,1
-0.52901575167137238,0.55668602183217053,0.25641025641025639,0.78947368421052633,0.99999999999999978
-0.55869242855998402,0.61282148883827836,0.25641025641025639,0.84210526315789469,1
-0.59102520017269367,0.67026189896148858,0.25641025641025639,0.89473684210526316,0.99999999999999989
-0.6266771926880641,0.72828055600205999,0.25641025641025639,0.94736842105263153,0.99999999999999989
-0.67067310000000002,0.786538486076923,0.25641025641025639,1,1
-0.0093750003700000008,0.083461540838461537,0.28205128205128205,0,1
-0.042220903479247923,0.10485092956497849,0.28205128205128205,0.052631578947368418,0.99999999999999978
-0.074469475932189694,0.12604236842682143,0.28205128205128205,0.10526315789473684,1
-0.10693608981130816,0.14734174114909343,0.28205128205128205,0.15789473684210525,1
-0.14062155568035922,0.16879473230499875,0.28205128205128205,0.21052631578947367,1
-0.17396255661943316,0.1921862339757085,0.28205128205128205,0.26315789473684209,1
-0.202448550268021,0.22229554953989711,0.28205128205128205,0.31578947368421051,1
-0.23178077094688782,0.25202290862027843,0.28205128205128205,0.36842105263157893,0.99999999999999989
-0.26301052181186074,0.28228837174065979,0.28205128205128205,0.42105263157894735,1.0000000000000002
-0.29716337405356197,0.3132606323326933,0.28205128205128205,0.47368421052631576,1
-0.32837852252329008,0.34910790538505782,0.28205128205128205,0.52631578947368418,0.99999999999999989
-0.35591567472431168,0.38912241411409421,0.28205128205128205,0.57894736842105265,1
-0.38621621893013008,0.42979172245437519,0.28205128205128205,0.63157894736842102,1
-0.41961374981539518,0.47185975902060728,0.28205128205128205,0.68421052631578949,1
-0.45509870180971657,0.51520242772469638,0.28205128205128205,0.73684210526315785,1
-0.48427858795522749,0.56690445208374429,0.28205128205128205,0.78947368421052633,1
-0.51063183826518832,0.6218458726081747,0.28205128205128205,0.84210526315789469,1.0000000000000002
-0.54052319582996078,0.67842972956458458,0.28205128205128205,0.89473684210526316,1
-0.57465139628391293,0.73580924991268404,0.28205128205128205,0.94736842105263153,1
-0.60961540399999992,0.79269232638461529,0.28205128205128205,1,1
-0.0093750003700000008,0.084230770869230767,0.30769230769230771,0,1
-0.038533787752774766,0.10643649202206494,0.30769230769230771,0.052631578947368418,1
-0.067431468608450298,0.12876404598857372,0.30769230769230771,0.10526315789473684,1
-0.096470994468857624,0.15136679371350645,0.30769230769230771,0.15789473684210525,1
-0.12607442366879423,0.17453961978405563,0.30769230769230771,0.21052631578947367,1
-0.15490811951193967,0.20003024504684347,0.30769230769230771,0.26315789473684209,1
-0.1817762484797058,0.22956749767040605,0.30769230769230771,0.31578947368421051,1
-0.20814665406294638,0.25987530331070702,0.30769230769230771,0.36842105263157893,1
-0.23600651522106253,0.29091548832268666,0.30769230769230771,0.42105263157894735,0.99999999999999978
-0.26561254454868943,0.32322773424356593,0.30769230769230771,0.47368421052631576,0.99999999999999978
-0.29369888488888163,0.35919106236304577,0.30769230769230771,0.52631578947368418,1
-0.31922830550141978,0.398538741154422,0.30769230769230771,0.57894736842105265,1
-0.34640695774353814,0.43903387588992804,0.30769230769230771,0.63157894736842102,1
-0.37639242907867704,0.48087972757496411,0.30769230769230771,0.68421052631578949,1
-0.40869019314287303,0.52377329106613624,0.30769230769230771,0.73684210526315785,1
-0.43469296817153219,0.57501486071942642,0.30769230769230771,0.78947368421052633,1
-0.45903934106380745,0.62968416578837005,0.30769230769230771,0.84210526315789469,1
-0.48643139133883473,0.68569793688965297,0.30769230769230771,0.89473684210526316,1
-0.51744054130440165,0.74243633470693804,0.30769230769230771,0.94736842105263153,1
-0.54855770799999992,0.79884616669230768,0.30769230769230771,1,1
-0.0093750003700000008,0.085000000899999997,0.33333333333333331,0,1
-0.034703948292105255,0.10780298808828925,0.33333333333333331,0.052631578947368418,1
-0.060016564134797369,0.13128588043879907,0.33333333333333331,0.10526315789473684,0.99999999999999989
-0.085355247014872848,0.15514056176723909,0.33333333333333331,0.15789473684210525,1
-0.11069079205842106,0.17972407421555231,0.33333333333333331,0.21052631578947367,1
-0.13576484300196473,0.20672526431501551,0.33333333333333331,0.26315789473684209,1
-0.15937670815318433,0.23625476992249295,0.33333333333333331,0.31578947368421051,1
-0.18276679874104929,0.2671004420603415,0.33333333333333331,0.36842105263157893,1
-0.20670623823724871,0.29870721783755916,0.33333333333333331,0.42105263157894735,1.0000000000000002
-0.23204261695827358,0.33168428448755882,0.33333333333333331,0.47368421052631576,1
-0.25666855192018229,0.36769775059671306,0.33333333333333331,0.52631578947368418,1.0000000000000002
-0.27952396123917067,0.40667051796514636,0.33333333333333331,0.57894736842105265,0.99999999999999989
-0.30377720896632793,0.4469940789660668,0.33333333333333331,0.63157894736842102,0.99999999999999989
-0.32962668425735753,0.48819400682797415,0.33333333333333331,0.68421052631578949,0.99999999999999989
-0.35926114116700397,0.53098194408138832,0.33333333333333331,0.73684210526315785,1
-0.38111204554629208,0.58143529247331938,0.33333333333333331,0.78947368421052633,1
-0.40383163568561686,0.63630949559532712,0.33333333333333331,0.84210526315789469,1
-0.42863997320851321,0.6920399997537704,0.33333333333333331,0.89473684210526316,0.99999999999999989
-0.45540952654883637,0.74821670698440235,0.33333333333333331,0.94736842105263153,1
-0.48750001199999998,0.80500000699999996,0.33333333333333331,1,1
-0.0093750003700000008,0.084230770869230767,0.35897435897435898,0,1
-0.030836681274158395,0.1088533584621609,0.35897435897435898,0.052631578947368418,1
-0.052096732184891741,0.13348046662131294,0.35897435897435898,0.10526315789473684,0.99999999999999989
-0.073505016090910064,0.15846901337542413,0.35897435897435898,0.15789473684210525,1
-0.09530548277243725,0.18425581803329,0.35897435897435898,0.21052631578947367,0.99999999999999978
-0.11649718586011787,0.2118116243342929,0.35897435897435898,0.26315789473684209,1.0000000000000002
-0.13606260041105037,0.2422026822237974,0.35897435897435898,0.31578947368421051,1
-0.15535511624499193,0.27336860333276636,0.35897435897435898,0.36842105263157893,1
-0.17559819253544101,0.30550046291388894,0.35897435897435898,0.42105263157894735,1.0000000000000002
-0.19724208662156406,0.33889575320712872,0.35897435897435898,0.47368421052631576,1
-0.21814219175527846,0.3749400533751916,0.35897435897435898,0.52631578947368418,1
-0.23734029966651293,0.41358337874128848,0.35897435897435898,0.57894736842105265,1.0000000000000002
-0.25789084978428417,0.45349872530020163,0.35897435897435898,0.63157894736842102,0.99999999999999978
-0.2804934720712608,0.4944062985997057,0.35897435897435898,0.68421052631578949,0.99999999999999989
-0.30560314263275168,0.53628341879083274,0.35897435897435898,0.73684210526315785,1
-0.32555925639246353,0.58708041062164784,0.35897435897435898,0.78947368421052633,0.99999999999999978
-0.34470227724568836,0.64174149309755302,0.35897435897435898,0.84210526315789469,0.99999999999999989
-0.36642059938214272,0.69730115564394357,0.35897435897435898,0.89473684210526316,0.99999999999999989
-0.39111482680536064,0.75353098118531359,0.35897435897435898,0.94736842105263153,1
-0.41634616030769223,0.80961538730769234,0.35897435897435898,1,1
-0.0093750003700000008,0.083461540838461537,0.38461538461538464,0,1
-0.026784713024726084,0.10957719968030707,0.38461538461538464,0.052631578947368418,0.99999999999999989
-0.043861231230645725,0.13530104965384399,0.38461538461538464,0.10526315789473684,0.99999999999999989
-0.061170574415299113,0.16126829558377309,0.38461538461538464,0.15789473684210525,1.0000000000000002
-0.079331277993919563,0.18788449796481924,0.38461538461538464,0.21052631578947367,1
-0.097140689315789452,0.21574899255060725,0.38461538461538464,0.26315789473684209,1
-0.11166733046597646,0.24715909883369686,0.38461538461538464,0.31578947368421051,1
-0.12686492350574649,0.27875182035279544,0.38461538461538464,0.36842105263157893,1
-0.14317333408347999,0.31122730897986933,0.38461538461538464,0.42105263157894735,0.99999999999999989
-0.16079124200936221,0.34454733441718965,0.38461538461538464,0.47368421052631576,1
-0.17765118750134873,0.3806039135661835,0.38461538461538464,0.52631578947368418,1
-0.19328301371688658,0.41943021145358816,0.38461538461538464,0.57894736842105265,1
-0.2100813095534913,0.45909480355469356,0.38461538461538464,0.63157894736842102,1
-0.22887039869988365,0.49962649897912886,0.38461538461538464,0.68421052631578949,1
-0.2489246007894737,0.54022268317408917,0.38461538461538464,0.73684210526315785,1.0000000000000002
-0.26678409117616891,0.5916886893846145,0.38461538461538464,0.78947368421052633,0.99999999999999989
-0.28280800974544951,0.64643524599966651,0.38461538461538464,0.84210526315789469,1
-0.30131458631540159,0.70186475236310886,0.38461538461538464,0.89473684210526316,1
-0.3230200255784112,0.75801197775145823,0.38461538461538464,0.94736842105263153,1
-0.34519230861538458,0.81423076761538471,0.38461538461538464,1,1
-0.0093750003700000008,0.082692310807692307,0.41025641025641024,0,1
-0.022524957537865022,0.10998086040632318,0.41025641025641024,0.052631578947368418,1
-0.035323817239905693,0.1367544034835706,0.41025641025641024,0.10526315789473684,1
-0.048366080996613735,0.16354824453970468,0.41025641025641024,0.15789473684210525,1
-0.062359055354670803,0.19062016539816157,0.41025641025641024,0.21052631578947367,1.0000000000000002
-0.076816250138821526,0.21938457159480504,0.41025641025641024,0.26315789473684209,1
-0.086191382655536802,0.25111818269720604,0.41025641025641024,0.31578947368421051,1
-0.097368100232905985,0.28327413244476718,0.41025641025641024,0.36842105263157893,1
-0.10946023678340668,0.31590617052369396,0.41025641025641024,0.42105263157894735,0.99999999999999978
-0.12262062258490804,0.34906378338605804,0.41025641025641024,0.47368421052631576,1
-0.13529866938439525,0.38514604308270339,0.41025641025641024,0.52631578947368418,1
-0.14738812052870803,0.42422874501786878,0.41025641025641024,0.57894736842105265,0.99999999999999989
-0.16045862646873518,0.46383014959511226,0.41025641025641024,0.63157894736842102,0.99999999999999989
-0.17474580189924416,0.50384752760518769,0.41025641025641024,0.68421052631578949,1.0000000000000002
-0.19108378369804799,0.54399281867300808,0.41025641025641024,0.73684210526315785,0.99999999999999978
-0.20447037078363356,0.5952958371348811,0.41025641025641024,0.78947368421052633,0.99999999999999989
-0.218218671970933,0.65041011103131952,0.41025641025641024,0.84210526315789469,0.99999999999999989
-0.23343874400563019,0.70575927831293317,0.41025641025641024,0.89473684210526316,1.0000000000000002
-0.25088772225380851,0.76160647932363679,0.41025641025641024,0.94736842105263153,1
-0.27403845692307699,0.81884614792307697,0.41025641025641024,1,1
-0.0093750003700000008,0.082500003299999999,0.4358974358974359,0,1
-0.018076960219439827,0.11033503397773994,0.4358974358974359,0.052631578947368418,1.0000000000000002
-0.026437424586387474,0.13779162969339195,0.4358974358974359,0.10526315789473684,0.99999999999999989
-0.035034296305798164,0.16526695518511067,0.4358974358974359,0.15789473684210525,1
-0.044541029504167627,0.19309603834685379,0.4358974358974359,0.21052631578947367,0.99999999999999989
-0.054320174378047703,0.22236551089966067,0.4358974358974359,0.26315789473684209,0.99999999999999989
-0.059768334049749357,0.25436864829589578,0.4358974358974359,0.31578947368421051,1
-0.066755732413561072,0.28664855982512294,0.4358974358974359,0.36842105263157893,1.0000000000000002
-0.074557739804017253,0.31954465816932348,0.4358974358974359,0.42105263157894735,1
-0.08338003997898577,0.35304219185073149,0.4358974358974359,0.47368421052631576,1
-0.091851731697967925,0.38916969724994704,0.4358974358974359,0.52631578947368418,1
-0.099968690951106845,0.42797979456495627,0.4358974358974359,0.57894736842105265,1.0000000000000002
-0.10919939224749224,0.46737101292404104,0.4358974358974359,0.63157894736842102,1
-0.11899322754541906,0.50738096551745837,0.4358974358974359,0.68421052631578949,1
-0.13069365292795951,0.5474104567959015,0.4358974358974359,0.73684210526315785,1
-0.14065678593646175,0.59864403188189308,0.4358974358974359,0.78947368421052633,0.99999999999999978
-0.15127233902340986,0.65349136102198635,0.4358974358974359,0.84210526315789469,1
-0.16296052813982695,0.70871778381259543,0.4358974358974359,0.89473684210526316,1
-0.17632677898994337,0.7646482971956774,0.4358974358974359,0.94736842105263153,1
-0.19314903375384618,0.82115383800000008,0.4358974358974359,1,1
-0.0093750003700000008,0.082500003299999999,0.46153846153846156,0,1
-0.013441111717463391,0.110675473225314,0.46153846153846156,0.052631578947368418,0.99999999999999967
-0.017252800015580175,0.13862165654620554,0.46153846153846156,0.10526315789473684,0.99999999999999989
-0.021244959366052574,0.1666395440027108,0.46153846153846156,0.15789473684210525,0.99999999999999989
-0.025842682688758466,0.19518123816032645,0.46153846153846156,0.21052631578947367,1
-0.029902580632955478,0.22476720870445341,0.46153846153846156,0.26315789473684209,1
-0.032561545967881259,0.25688999051461575,0.46153846153846156,0.31578947368421051,0.99999999999999989
-0.035423422516438194,0.28918771563895634,0.46153846153846156,0.36842105263157893,1
-0.03894191680844989,0.32225878157219601,0.46153846153846156,0.42105263157894735,1
-0.042959240830339307,0.35636595083418854,0.46153846153846156,0.47368421052631576,1
-0.047207438908719111,0.39255804369244951,0.46153846153846156,0.52631578947368418,1
-0.052098481512909682,0.43077040933889282,0.46153846153846156,0.57894736842105265,1
-0.057527019064974115,0.4700156308874533,0.46153846153846156,0.63157894736842102,1
-0.063087200643596783,0.51010852550303953,0.46153846153846156,0.68421052631578949,1
-0.0680478261,0.55051619648583006,0.46153846153846156,0.73684210526315785,1
-0.075857137756921086,0.60147203843492225,0.46153846153846156,0.78947368421052633,1
-0.083755270437486692,0.65577457331496913,0.46153846153846156,0.84210526315789469,1
-0.091529566756026692,0.71084224554272613,0.46153846153846156,0.89473684210526316,1
-0.10023267562997482,0.76678810286530441,0.46153846153846156,0.94736842105263153,1
-0.10901442009230762,0.82269229799999999,0.46153846153846156,1,1
-0.0093750003700000025,0.082500003299999999,0.48717948717948717,0,1
-0.0086123842946257759,0.11097837350285286,0.48717948717948717,0.052631578947368418,1
-0.0077966756418010718,0.1392941691184772,0.48717948717948717,0.10526315789473684,1
-0.0070320877083075309,0.16771305115359236,0.48717948717948717,0.15789473684210525,1
-0.006290505000199776,0.19657683265609077,0.48717948717948717,0.21052631578947367,1
-0.0053511307479919357,0.22688236173392479,0.48717948717948717,0.26315789473684209,1.0000000000000002
-0.0045856942869407762,0.25865018042359306,0.48717948717948717,0.31578947368421051,0.99999999999999989
-0.003488132843368073,0.2910281981057643,0.48717948717948717,0.36842105263157893,1.0000000000000002
-0.0026598410164572657,0.32408949175524515,0.48717948717948717,0.42105263157894735,1
-0.0017782218675056125,0.35827445543217901,0.48717948717948717,0.47368421052631576,0.99999999999999989
-0.0019516894553950361,0.3945072174834286,0.48717948717948717,0.52631578947368418,1
-0.0038320140028777474,0.43264170652257611,0.48717948717948717,0.57894736842105265,0.99999999999999989
-0.0056518493493367171,0.4719081800890772,0.48717948717948717,0.63157894736842102,1
-0.0071044341991377147,0.51198316667092314,0.48717948717948717,0.68421052631578949,1
-0.0058489509421521188,0.55322028010069946,0.48717948717948717,0.73684210526315785,1
-0.011001229713116831,0.60321541027008518,0.48717948717948717,0.78947368421052633,1.0000000000000002
-0.015828073094493876,0.65733548167290867,0.48717948717948717,0.84210526315789469,1
-0.019406462617786311,0.7122280677573849,0.48717948717948717,0.89473684210526316,1
-0.022723515608606998,0.76782475779898007,0.48717948717948717,0.94736842105263153,1
-0.024879806430769268,0.82423075800000001,0.48717948717948717,1,1
-0.0093750003700000008,0.082500003299999985,0.51282051282051277,0,1
-0.0037034775092006887,0.11122128825588928,0.51282051282051277,0.052631578947368418,0.99999999999999989
0.0018582047101668726,0.13971327363483041,0.51282051282051277,0.10526315789473684,1
0.0075091515582044795,0.16837702427952153,0.51282051282051277,0.15789473684210525,1.0000000000000002
0.013345122141500586,0.19754849166823654,0.51282051282051277,0.21052631578947367,1
0.019016277843101174,0.22801596391206241,0.51282051282051277,0.26315789473684209,0.99999999999999978
0.023941953292553164,0.25968992144526892,0.51282051282051277,0.31578947368421051,0.99999999999999989
0.02893265062179802,0.29188273416084398,0.51282051282051277,0.36842105263157893,1
0.034189336085755778,0.3249374829801116,0.51282051282051277,0.42105263157894735,1
0.039390808488769601,0.35908417122974978,0.51282051282051277,0.47368421052631576,0.99999999999999989
0.043114102180232462,0.39531693328099943,0.51282051282051277,0.52631578947368418,1
0.044727778422370135,0.43350596295591909,0.51282051282051277,0.57894736842105265,1
0.046340145582042719,0.47283264028782312,0.51282051282051277,0.63157894736842102,1
0.048713250338460003,0.51303307410751908,0.51282051282051277,0.68421052631578949,0.99999999999999978
0.05358930916311104,0.55435388227883708,0.51282051282051277,0.73684210526315785,0.99999999999999978
0.052827212068259674,0.60418706928223098,0.51282051282051277,0.78947368421052633,1.0000000000000002
0.052299261013657068,0.65810544392370163,0.51282051282051277,0.84210526315789469,1
0.053131447955929091,0.71279924317673005,0.51282051282051277,0.89473684210526316,0.99999999999999978
0.055072535759813884,0.76806767255201647,0.51282051282051277,0.94736842105263153,1.0000000000000002
0.057572114799999824,0.8242307579999999,0.51282051282051277,1,1
-0.0093750003700000008,0.082500003299999999,0.53846153846153844,0,1
0.0010987730649209253,0.11129389559873973,0.53846153846153844,0.052631578947368418,1
0.011287175602000458,0.13970505959867766,0.53846153846153844,0.10526315789473684,1
0.021677638820044691,0.16838662811499905,0.53846153846153844,0.15789473684210525,1
0.032753348213901995,0.1979970391400217,0.53846153846153844,0.21052631578947367,1.0000000000000002
0.043199645140323817,0.2281680152388664,0.53846153846153844,0.26315789473684209,1
0.051944355119342436,0.25966358698312586,0.53846153846153844,0.31578947368421051,1.0000000000000002
0.061081940136043129,0.29149613832438687,0.53846153846153844,0.36842105263157893,1.0000000000000002
0.070749045450423834,0.32449657788792874,0.53846153846153844,0.42105263157894735,1
0.080546833704207219,0.35879470814305692,0.53846153846153844,0.47368421052631576,1
0.087988985579716156,0.39498685389405008,0.53846153846153844,0.52631578947368418,1
0.092870125288721975,0.43317364028594363,0.53846153846153844,0.57894736842105265,0.99999999999999978
0.097882414684217323,0.47268617555429937,0.53846153846153844,0.63157894736842102,1.0000000000000002
0.10362956951686561,0.5131852281189373,0.53846153846153844,0.68421052631578949,1
0.11026695421578928,0.55391700302024294,0.53846153846153844,0.73684210526315785,0.99999999999999989
0.11530530993620776,0.6044092190648801,0.53846153846153844,0.78947368421052633,1.0000000000000002
0.1192773546967256,0.65824026431905269,0.53846153846153844,0.84210526315789469,1.0000000000000002
0.12451441969626947,0.71277821544925568,0.53846153846153844,0.89473684210526316,1.0000000000000002
0.13147173453785396,0.76778375490409245,0.53846153846153844,0.94736842105263153,0.99999999999999989
0.13834134359999986,0.82269229799999999,0.53846153846153844,1,1
-0.0093750003700000008,0.082500003299999999,0.5641025641025641,0,1
0.0056892922995756927,0.11109005140283609,0.5641025641025641,0.052631578947368418,1.0000000000000002
0.020417479367224746,0.13930583449860268,0.5641025641025641,0.10526315789473684,0.99999999999999989
0.035380320305696968,0.16778658713327693,0.5641025641025641,0.15789473684210525,0.99999999999999989
0.051210236926481432,0.19718004702930644,0.5641025641025641,0.21052631578947367,1
0.067182357760964456,0.22793059545580416,0.5641025641025641,0.26315789473684209,1
0.079244985724678557,0.25840410394956903,0.5641025641025641,0.31578947368421051,0.99999999999999978
0.092774780384915656,0.29005372873707808,0.5641025641025641,0.36842105263157893,1
0.10691363301816846,0.32279287525120637,0.5641025641025641,0.42105263157894735,1
0.12137771790062848,0.35667349539394755,0.5641025641025641,0.47368421052631576,0.99999999999999989
0.1324605571511171,0.39285758052262132,0.5641025641025641,0.52631578947368418,1.0000000000000002
0.14052801462681444,0.43168714307770689,0.5641025641025641,0.57894736842105265,0.99999999999999989
0.14883457364969585,0.4716437198210196,0.5641025641025641,0.63157894736842102,1.0000000000000002
0.15761714127442797,0.51238474580569471,0.5641025641025641,0.68421052631578949,1
0.16628664822855516,0.55307435063386678,0.5641025641025641,0.73684210526315785,1
0.17596465560748964,0.60367567462931582,0.5641025641025641,0.78947368421052633,1
0.18495394940000942,0.65785041186477233,0.5641025641025641,0.84210526315789469,0.99999999999999989
0.19448195311805605,0.71231720686939037,0.5641025641025641,0.89473684210526316,0.99999999999999978
0.20563968184301598,0.76697470078147534,0.5641025641025641,0.94736842105263153,0.99999999999999978
0.21911057239999987,0.82115383800000008,0.5641025641025641,1,1
-0.0093750003700000008,0.082500003299999999,0.58974358974358976,0,1
0.010083186359590154,0.11064544889642006,0.58974358974358976,0.052631578947368418,1
0.029196037781142832,0.13846355741517419,0.58974358974358976,0.10526315789473684,1
0.048558085989415897,0.16651642765524935,0.58974358974358976,0.15789473684210525,1
0.068807043099672685,0.19541711053807764,0.58974358974358976,0.21052631578947367,1.0000000000000002
0.089466337292974457,0.22600001152879826,0.58974358974358976,0.26315789473684209,1.0000000000000002
0.10584011178489777,0.25593759369469221,0.58974358974358976,0.31578947368421051,1.0000000000000002
0.12377519242686127,0.28742594242983371,0.58974358974358976,0.36842105263157893,1
0.14262461096334259,0.31977523475885838,0.58974358974358976,0.42105263157894735,1
0.1617287791461757,0.3532606112742353,0.58974358974358976,0.47368421052631576,1
0.17657741402301458,0.38954235339891696,0.58974358974358976,0.52631578947368418,0.99999999999999989
0.18764183546092511,0.42900097136628823,0.58974358974358976,0.57894736842105265,1
0.19889810537597358,0.46957409944150164,0.58974358974358976,0.63157894736842102,1
0.21074009378303354,0.51067741997874982,0.58974358974358976,0.68421052631578949,0.99999999999999978
0.22227849272355876,0.55187524291589951,0.58974358974358976,0.73684210526315785,1
0.23580232309329607,0.60254625645054549,0.58974358974358976,0.78947368421052633,1.0000000000000002
0.24913123412010071,0.65686201240478337,0.58974358974358976,0.84210526315789469,1
0.26272441716963774,0.71132210825689091,0.58974358974358976,0.89473684210526316,0.99999999999999989
0.27787592586890747,0.7658128860200889,0.58974358974358976,0.94736842105263153,1
0.29747595692307688,0.81980768546153848,0.58974358974358976,1,1
-0.0093750003700000008,0.082500003299999999,0.61538461538461542,0,1
0.01426696123364919,0.11000404598682109,0.61538461538461542,0.052631578947368418,0.99999999999999989
0.037426886605722784,0.1370739950909787,0.61538461538461542,0.10526315789473684,1
0.060927150802204386,0.16445008066790878,0.61538461538461542,0.15789473684210525,1.0000000000000002
0.085600696119215586,0.19288862531132886,0.61538461538461542,0.21052631578947367,1.0000000000000002
0.10983046442105263,0.22215586903643725,0.61538461538461542,0.26315789473684209,1
0.13117529927310945,0.25242688363252619,0.61538461538461542,0.31578947368421051,1.0000000000000002
0.15299320322380644,0.28349060059892461,0.61538461538461542,0.36842105263157893,0.99999999999999978
0.17653997207620092,0.31562078708639002,0.61538461538461542,0.42105263157894735,1
0.20164573838428779,0.34873251818410123,0.61538461538461542,0.47368421052631576,1
0.22038245033008344,0.38520974260199842,0.61538461538461542,0.52631578947368418,0.99999999999999989
0.23286807748434935,0.42527544648187604,0.61538461538461542,0.57894736842105265,0.99999999999999978
0.24684226373820997,0.46631159354433405,0.61538461538461542,0.63157894736842102,0.99999999999999978
0.26262666182134298,0.50822116863625644,0.61538461538461542,0.68421052631578949,1
0.27823886260728753,0.55027328107692308,0.61538461538461542,0.73684210526315785,1
0.2952299309137465,0.60126252172539274,0.61538461538461542,0.78947368421052633,1.0000000000000002
0.31092019272586174,0.65504835256490235,0.61538461538461542,0.84210526315789469,1
0.32811256339509115,0.70954537541943163,0.61538461538461542,0.89473684210526316,1.0000000000000002
0.34818126943881861,0.76451861364279494,0.61538461538461542,0.94736842105263153,1.0000000000000002
0.36862980861538469,0.81903845530769237,0.61538461538461542,1,1
-0.0093750003700000008,0.082500003299999999,0.64102564102564108,0,1
0.018112609937486396,0.10906191861108264,0.64102564102564108,0.052631578947368418,1.0000000000000002
0.045164054612801312,0.13524557359076708,0.64102564102564108,0.10526315789473684,1
0.072526349581560831,0.16169946985042005,0.64102564102564108,0.15789473684210525,1.0000000000000002
0.10090110869901107,0.18902038169635016,0.64102564102564108,0.21052631578947367,0.99999999999999989
0.12932782812294652,0.21745169911803292,0.64102564102564108,0.26315789473684209,1.0000000000000002
0.1546722711111867,0.247711302416942,0.64102564102564108,0.31578947368421051,0.99999999999999978
0.18048633086280791,0.27862866591783619,0.64102564102564108,0.36842105263157893,0.99999999999999978
0.20820989709909171,0.310470521810985,0.64102564102564108,0.42105263157894735,1.0000000000000002
0.239533756845204,0.34279060075331713,0.64102564102564108,0.47368421052631576,1
0.26221626674873855,0.37954698042620483,0.64102564102564108,0.52631578947368418,1
0.27573238603588196,0.4206258346479344,0.64102564102564108,0.57894736842105265,1
0.29289464803295706,0.46223088259966494,0.64102564102564108,0.63157894736842102,0.99999999999999989
0.31236703907587804,0.50474060946970101,0.64102564102564108,0.68421052631578949,0.99999999999999978
0.33415565165402422,0.54847839114670394,0.64102564102564108,0.73684210526315785,1.0000000000000002
0.35223443024000561,0.59893064227969772,0.64102564102564108,0.78947368421052633,1.0000000000000002
0.37050144775219812,0.65252682191499956,0.64102564102564108,0.84210526315789469,1
0.39102303769778662,0.70717679105937115,0.64102564102564108,0.89473684210526316,1.0000000000000002
0.41461227021309766,0.76253892904916198,0.64102564102564108,0.94736842105263153,0.99999999999999989
0.43978366030769256,0.81826922515384615,0.64102564102564108,1,1
-0.0093750003700000008,0.082500003299999999,0.66666666666666663,0,1
0.021640930843101994,0.10783906344036201,0.66666666666666663,0.052631578947368418,1
0.052388381214623331,0.1329646187760829,0.66666666666666663,0.10526315789473684,1
0.083336197748408655,0.15824823110099015,0.66666666666666663,0.15789473684210525,1
0.11497052532842558,0.18408168425871568,0.66666666666666663,0.21052631578947367,1
0.1475074049501072,0.21187097975756136,0.66666666666666663,0.26315789473684209,1
0.17634024324470568,0.24179246957583306,0.66666666666666663,0.31578947368421051,1
0.20617000114007711,0.2727943714465092,0.66666666666666663,0.36842105263157893,1
0.23760037636568593,0.30429941137374339,0.66666666666666663,0.42105263157894735,1
0.27315735550471015,0.33615118111529796,0.66666666666666663,0.47368421052631576,1
0.2995993791028056,0.37313894561601463,0.66666666666666663,0.52631578947368418,1
0.31620366414148432,0.41503141434698398,0.66666666666666663,0.57894736842105265,0.99999999999999989
0.33693194870048193,0.4572800756080036,0.66666666666666663,0.63157894736842102,1
0.35998106635331673,0.5002417516902834,0.66666666666666663,0.68421052631578949,1
0.38675576503143605,0.54516730746249109,0.66666666666666663,0.73684210526315785,1
0.40656539959208249,0.59542484441895471,0.66666666666666663,0.78947368421052633,1
0.42781470664374777,0.6492797852561667,0.66666666666666663,0.84210526315789469,0.99999999999999978
0.45133527847734906,0.70418933774838921,0.66666666666666663,0.89473684210526316,0.99999999999999978
0.47732322173842689,0.75986362501126026,0.66666666666666663,0.94736842105263153,1
0.51093751200000004,0.81749999500000003,0.66666666666666663,1,1
-0.0093750003700000008,0.082500003299999999,0.69230769230769229,0,1
0.024986084243298585,0.10647696794650441,0.69230769230769229,0.052631578947368418,0.99999999999999989
0.058876586297023942,0.13013432804513217,0.69230769230769229,0.10526315789473684,1.0000000000000002
0.093128297812768018,0.15401880725557038,0.69230769230769229,0.15789473684210525,1
0.12843139902240508,0.17865621293493592,0.69230769230769229,0.21052631578947367,1
0.16384199903792632,0.20506303722329608,0.69230769230769229,0.26315789473684209,1
0.19637245905748399,0.23501420857553035,0.69230769230769229,0.31578947368421051,0.99999999999999989
0.22917399466129257,0.26551666929833029,0.69230769230769229,0.36842105263157893,1.0000000000000002
0.26423269628779472,0.29698978076182242,0.69230769230769229,0.42105263157894735,1
0.30319772455370586,0.32910638608125242,0.69230769230769229,0.47368421052631576,1
0.33321829065157255,0.36626762463673124,0.69230769230769229,0.52631578947368418,1
0.3534306873177771,0.40823323425656566,0.69230769230769229,0.57894736842105265,1
0.37738714222458736,0.45081261086869212,0.69230769230769229,0.63157894736842102,1
0.40492646149602329,0.49468818773937306,0.69230769230769229,0.68421052631578949,1
0.43471232831799161,0.53973345919528659,0.69230769230769229,0.73684210526315785,1
0.45873527305539308,0.59095438053810412,0.69230769230769229,0.78947368421052633,1
0.48123519494928874,0.6448863153616331,0.69230769230769229,0.84210526315789469,1
0.50716037505472178,0.70017297157277569,0.69230769230769229,0.89473684210526316,1
0.53730861055806245,0.75645664276388636,0.69230769230769229,0.94736842105263153,1
0.56814903938461536,0.81288461499999998,0.69230769230769229,1,1
-0.0093750003700000008,0.082500003299999999,0.71794871794871795,0,1
0.02793415237198852,0.10488787572845498,0.71794871794871795,0.052631578947368418,1.0000000000000002
0.064787320196561679,0.12693858351387369,0.71794871794871795,0.10526315789473684,0.99999999999999989
0.10206229949860725,0.14922769711692269,0.71794871794871795,0.15789473684210525,1
0.14059770238508001,0.17233160221419708,0.71794871794871795,0.21052631578947367,0.99999999999999989
0.17885880625101214,0.19737854524696352,0.71794871794871795,0.26315789473684209,1
0.21422554376100852,0.22708604902161483,0.71794871794871795,0.31578947368421051,0.99999999999999978
0.24992152170346288,0.2571824648556057,0.71794871794871795,0.36842105263157893,0.99999999999999967
0.28785195471692304,0.28840956453234801,0.71794871794871795,0.42105263157894735,1.0000000000000002
0.32867766093741679,0.3212377905367928,0.71794871794871795,0.47368421052631576,1
0.36201648224892791,0.35849710481528252,0.71794871794871795,0.52631578947368418,1
0.38682866822686668,0.39997827633390076,0.71794871794871795,0.57894736842105265,0.99999999999999989
0.41439419655373649,0.44302278211282853,0.71794871794871795,0.63157894736842102,1
0.44564472496061519,0.48751609954992303,0.71794871794871795,0.68421052631578949,1
0.47935221593522281,0.53278341717408906,0.71794871794871795,0.73684210526315785,1
0.50637124537751887,0.58483352658549581,0.71794871794871795,0.78947368421052633,1
0.53053512812277359,0.63929840842520291,0.71794871794871795,0.84210526315789469,0.99999999999999989
0.55879531220356093,0.69514043398477898,0.71794871794871795,0.89473684210526316,1
0.59179410410414013,0.75191747422938804,0.71794871794871795,0.94736842105263153,1.0000000000000002
0.6253605667692308,0.80826923500000003,0.71794871794871795,1,1
-0.0093750003700000008,0.082500003299999999,0.74358974358974361,0,1
0.030454367884644958,0.10305850601949076,0.74358974358974361,0.052631578947368418,1
0.070139187293241048,0.12339180873229652,0.74358974358974361,0.10526315789473684,1
0.11015877584398755,0.14388906497317638,0.74358974358974361,0.15789473684210525,1
0.15116302400509229,0.1649575645117578,0.74358974358974361,0.21052631578947367,1
0.19285933809328165,0.18907324293996539,0.74358974358974361,0.26315789473684209,1
0.22989151857024856,0.21800618286749823,0.74358974358974361,0.31578947368421051,0.99999999999999989
0.26848571890352191,0.24783537952222007,0.74358974358974361,0.36842105263157893,0.99999999999999989
0.30851418589124641,0.27859128793863241,0.74358974358974361,0.42105263157894735,1
0.35049860132046895,0.31125988327955945,0.74358974358974361,0.47368421052631576,1
0.38680588599144516,0.34854880754994194,0.74358974358974361,0.52631578947368418,1
0.41647181571178382,0.39030263241297597,0.74358974358974361,0.57894736842105265,1.0000000000000002
0.44803984194945967,0.43395092479653874,0.74358974358974361,0.63157894736842102,1
0.48212343887991621,0.47872159875865622,0.74358974358974361,0.68421052631578949,0.99999999999999978
0.52127601418607106,0.52493774170377971,0.74358974358974361,0.73684210526315785,1
0.54843128552825149,0.5768570379085034,0.74358974358974361,0.78947368421052633,1
0.57580412962880689,0.6325411240644353,0.74358974358974361,0.84210526315789469,1.0000000000000004
0.60634695131422067,0.68911532320385716,0.74358974358974361,0.89473684210526316,1.0000000000000002
0.64040294395753472,0.74620175967559588,0.74358974358974361,0.94736842105263153,0.99999999999999989
0.68257209415384623,0.80365385499999997,0.74358974358974361,1,1
-0.0097355771615384619,0.082500003299999999,0.76923076923076927,0,1
0.032680004819578543,0.10108821224653088,0.76923076923076927,0.052631578947368418,1
0.0746643547330368,0.11944841238381773,0.76923076923076927,0.10526315789473684,1.0000000000000002
0.11709111003276337,0.1379687166635519,0.76923076923076927,0.15789473684210525,0.99999999999999989
0.16083388354445574,0.15706402901700584,0.76923076923076927,0.21052631578947367,0.99999999999999989
0.20460430398676291,0.17939151921258839,0.76923076923076927,0.26315789473684209,1
0.24377122819434627,0.20795012024026144,0.76923076923076927,0.31578947368421051,0.99999999999999978
0.2840195862231199,0.23708125646226769,0.76923076923076927,0.36842105263157893,1.0000000000000002
0.32621873878304264,0.2673487655575793,0.76923076923076927,0.42105263157894735,1
0.37041806025667712,0.29954068772923259,0.76923076923076927,0.47368421052631576,1.0000000000000002
0.40944924582670167,0.33682009168949589,0.76923076923076927,0.52631578947368418,0.99999999999999989
0.442352460058487,0.37889431803377466,0.76923076923076927,0.57894736842105265,1
0.47717629548128998,0.42272669473088464,0.76923076923076927,0.63157894736842102,1
0.51513569938256265,0.46844515224968231,0.76923076923076927,0.68421052631578949,1
0.55716749746289829,0.51511136020731529,0.76923076923076927,0.73684210526315785,0.99999999999999989
0.58740930141698011,0.56804189860136334,0.76923076923076927,0.78947368421052633,1
0.61629029252936385,0.62395246167940088,0.76923076923076927,0.84210526315789469,0.99999999999999978
0.64880905206763306,0.68126923769269931,0.76923076923076927,0.89473684210526316,1
0.68525162005467777,0.73988310511057032,0.76923076923076927,0.94736842105263153,1
0.72536055846153846,0.7978846297692308,0.76923076923076927,1,1
-0.010216346216923076,0.082500003299999999,0.79487179487179482,0,1
0.034493410383826494,0.098979078710366292,0.79487179487179482,0.052631578947368418,0.99999999999999989
0.078360649831439533,0.115248323625163,0.79487179487179482,0.10526315789473684,1.0000000000000002
0.12272491685244949,0.13166599398703804,0.79487179487179482,0.15789473684210525,1
0.16902556606050601,0.14858997356333975,0.79487179487179482,0.21052631578947367,0.99999999999999989
0.21435348910931171,0.16849190362753039,0.79487179487179482,0.26315789473684209,1
0.25528291254374413,0.19685080045162492,0.79487179487179482,0.31578947368421051,1
0.29710722250798094,0.22505892601414523,0.79487179487179482,0.36842105263157893,0.99999999999999989
0.3412950917016826,0.25445370788491667,0.79487179487179482,0.42105263157894735,1
0.38810054284005086,0.28582192320373173,0.79487179487179482,0.47368421052631576,1.0000000000000002
0.4295793704971006,0.32303172609568859,0.79487179487179482,0.52631578947368418,1
0.46491704429044006,0.36520570192819424,0.79487179487179482,0.57894736842105265,1
0.50274332456255411,0.40925440414706593,0.79487179487179482,0.63157894736842102,1
0.54412109109933515,0.4556545544021347,0.79487179487179482,0.68421052631578949,0.99999999999999989
0.58772143863157866,0.50353240082591089,0.79487179487179482,0.73684210526315785,1
0.62226875349637556,0.55744811163118568,0.79487179487179482,0.78947368421052633,1
0.65261812577141898,0.61307944807672055,0.79487179487179482,0.84210526315789469,1
0.68719129812642632,0.67132550323646745,0.79487179487179482,0.89473684210526316,1
0.72570995265333105,0.73168487395912196,0.79487179487179482,0.94736842105263153,1
0.76334133507692292,0.79173078946153852,0.79487179487179482,1,1
-0.01069711527230769,0.082500003299999999,0.82051282051282048,0,1
0.035822497847206432,0.096716139683959063,0.82051282051282048,0.052631578947368418,1
0.081306778451663467,0.110831015154819,0.82051282051282048,0.10526315789473684,0.99999999999999978
0.12715595217800049,0.12502453764690405,0.82051282051282048,0.15789473684210525,0.99999999999999989
0.17463876698376318,0.13941899803129193,0.82051282051282048,0.21052631578947367,1
0.22308083777067431,0.15737877870545777,0.82051282051282048,0.26315789473684209,1
0.26432865649478648,0.18469033820064903,0.82051282051282048,0.31578947368421051,1
0.30808827578303588,0.21190616429719972,0.82051282051282048,0.36842105263157893,0.99999999999999978
0.35386177742592084,0.23997093075699255,0.82051282051282048,0.42105263157894735,1
0.40207518196077535,0.26953433981373398,0.82051282051282048,0.47368421052631576,0.99999999999999978
0.44571819119088224,0.306361027923373,0.82051282051282048,0.52631578947368418,1
0.48431770945983976,0.34931682844257972,0.82051282051282048,0.57894736842105265,1
0.5252373673305496,0.39374481966118718,0.82051282051282048,0.63157894736842102,0.99999999999999978
0.56895731447382314,0.44023039647922485,0.82051282051282048,0.68421052631578949,0.99999999999999978
0.61655153437295029,0.49064192283092922,0.82051282051282048,0.73684210526315785,0.99999999999999989
0.65110112711866563,0.54324387320505174,0.82051282051282048,0.78947368421052633,1
0.68515705502363233,0.60008482841550781,0.82051282051282048,0.84210526315789469,1
0.72198246897182927,0.65946988676385676,0.82051282051282048,0.89473684210526316,1
0.76116567900178489,0.72098152043183417,0.82051282051282048,0.94736842105263153,1
0.8013221116923076,0.78557694915384624,0.82051282051282048,1,1
-0.010697115272307694,0.082500003299999999,0.84615384615384615,0,1
0.036834643596194282,0.094367961384363888,0.84615384615384615,0.052631578947368418,0.99999999999999989
0.083273849313316176,0.10615948652917606,0.84615384615384615,0.10526315789473684,1
0.13013424252740952,0.11800826659524424,0.84615384615384615,0.15789473684210525,1.0000000000000002
0.17868734997971461,0.13002628483291137,0.84615384615384615,0.21052631578947367,1.0000000000000002
0.22828073636176746,0.14584031651922291,0.84615384615384615,0.26315789473684209,1
0.27108217598488482,0.17162485219244875,0.84615384615384615,0.31578947368421051,1
0.31626194011775749,0.19743587269453589,0.84615384615384615,0.36842105263157893,1
0.36369783841541969,0.22388689028443759,0.84615384615384615,0.42105263157894735,1.0000000000000002
0.4135503810862815,0.25184203341697281,0.84615384615384615,0.47368421052631576,1.0000000000000002
0.45924298604108466,0.28798046186669279,0.84615384615384615,0.52631578947368418,1
0.50028222596766481,0.33113141234463267,0.84615384615384615,0.57894736842105265,1
0.54357160448509678,0.3756759007513869,0.84615384615384615,0.63157894736842102,1.0000000000000002
0.59004529592741051,0.42232421846392215,0.84615384615384615,0.68421052631578949,1
0.64019779448631087,0.47290912370542321,0.84615384615384615,0.73684210526315785,1.0000000000000002
0.67701206353971821,0.52652322064634705,0.84615384615384615,0.78947368421052633,0.99999999999999989
0.71305347038869116,0.58448660860892776,0.84615384615384615,0.84210526315789469,1
0.75199832117344134,0.64509981015610973,0.84615384615384615,0.89473684210526316,1
0.79360495433781719,0.70814751240754259,0.84615384615384615,0.94736842105263153,1
0.8359375,0.77403848930769237,0.84615384615384615,1,1
-0.010216346216923076,0.082500003299999985,0.87179487179487181,0,1
0.03744310249712595,0.091963014056740761,0.87179487179487181,0.052631578947368418,1
0.084112723850474955,0.10129844881416339,0.87179487179487181,0.10526315789473684,1
0.13143999228491809,0.11072401834091895,0.87179487179487181,0.15789473684210525,0.99999999999999978
0.18107972508133349,0.12045920177079399,0.87179487179487181,0.21052631578947367,0.99999999999999989
0.22995318488259106,0.13387651706882589,0.87179487179487181,0.26315789473684209,1
0.27513577770886954,0.15796102556468528,0.87179487179487181,0.31578947368421051,1
0.3212711466632725,0.18196417672094223,0.87179487179487181,0.36842105263157893,1
0.37029905496016863,0.20670216233372618,0.87179487179487181,0.42105263157894735,1
0.42252538815002139,0.23274581723922516,0.87179487179487181,0.47368421052631576,1.0000000000000002
0.47015293686477266,0.26789072214301612,0.87179487179487181,0.52631578947368418,1.0000000000000002
0.51216057430554018,0.31088759226420476,0.87179487179487181,0.57894736842105265,0.99999999999999989
0.55719852887957977,0.35502098713187463,0.87179487179487181,0.63157894736842102,1
0.60663658109362473,0.40162933919379873,0.87179487179487181,0.68421052631578949,0.99999999999999989
0.65866021897165994,0.45033400344939267,0.87179487179487181,0.73684210526315785,1
0.69975824726591762,0.50708040110416219,0.87179487179487181,0.78947368421052633,1
0.73558677411753437,0.56563041132546032,0.87179487179487181,0.84210526315789469,1
0.77659427114425184,0.62758838649568571,0.87179487179487181,0.89473684210526316,1.0000000000000002
0.82246949451642293,0.6926027694132264,0.87179487179487181,0.94736842105263153,0.99999999999999989
0.8671875,0.7571154099230768,0.87179487179487181,1,1
-0.0097355771615384619,0.082500003299999999,0.89743589743589747,0,1
0.037379388434311538,0.089465916270975318,0.89743589743589747,0.052631578947368418,0.99999999999999978
0.084001194568384757,0.096307074157852446,0.89743589743589747,0.10526315789473684,0.99999999999999978
0.13126416913154015,0.10323655527183524,0.89743589743589747,0.15789473684210525,0.99999999999999978
0.18036173819427742,0.11047027248843237,0.89743589743589747,0.21052631578947367,1
0.23050258592847903,0.12175821951891506,0.89743589743589747,0.26315789473684209,1
0.27616668293445551,0.14365487058192303,0.89743589743589747,0.31578947368421051,1
0.32367404069644062,0.16580447744933288,0.89743589743589747,0.36842105263157893,1
0.37376582573479267,0.18854997841743376,0.89743589743589747,0.42105263157894735,1.0000000000000002
0.4269895649835504,0.21194906910550793,0.89743589743589747,0.47368421052631576,1
0.47619800401025941,0.24565987063035302,0.89743589743589747,0.52631578947368418,1
0.52006956449434583,0.2887385923483714,0.89743589743589747,0.57894736842105265,1
0.56698621284795692,0.33229146767060908,0.89743589743589747,0.63157894736842102,1
0.61805659005153524,0.3778820884384006,0.89743589743589747,0.68421052631578949,1
0.67517407453179967,0.42628405537931113,0.89743589743589747,0.73684210526315785,1
0.71506437308682791,0.48283228408359857,0.89743589743589747,0.78947368421052633,1
0.75341712617340661,0.54382255809148194,0.89743589743589747,0.84210526315789469,1
0.79673371111113167,0.60732340603983848,0.89743589743589747,0.89473684210526316,0.99999999999999967
0.84512241086566342,0.67329668443610668,0.89743589743589747,0.94736842105263153,1
0.89843750000000011,0.74019233053846156,0.89743589743589747,1,1
-0.0094951926338461556,0.082500003299999999,0.92307692307692313,0,1
0.036724936026002311,0.086888565724190736,0.92307692307692313,0.052631578947368418,1
0.082883560927376559,0.091177533045569012,0.92307692307692313,0.10526315789473684,1
0.1295269743023913,0.095534533842452155,0.92307692307692313,0.15789473684210525,0.99999999999999989
0.17765177636959198,0.10016602817260234,0.92307692307692313,0.21052631578947367,0.99999999999999989
0.2279608476586624,0.10906068059845338,0.92307692307692313,0.26315789473684209,0.99999999999999989
0.27426583833810897,0.12872951448854653,0.92307692307692313,0.31578947368421051,1.0000000000000002
0.32332126663093197,0.14891935902897793,0.92307692307692313,0.36842105263157893,0.99999999999999989
0.37399526969286406,0.16940490541843556,0.92307692307692313,0.42105263157894735,0.99999999999999989
0.42798861192653714,0.1904807809026125,0.92307692307692313,0.47368421052631576,1
0.47839371185495994,0.22250305299114381,0.92307692307692313,0.52631578947368418,1
0.52387377173341287,0.26463144981988257,0.92307692307692313,0.57894736842105265,0.99999999999999978
0.57270961709221135,0.30737306575043588,0.92307692307692313,0.63157894736842102,0.99999999999999989
0.62441482949424088,0.35119663302483273,0.92307692307692313,0.68421052631578949,1.0000000000000002
0.68391831271335468,0.39871411181278743,0.92307692307692313,0.73684210526315785,1
0.72488964966805214,0.45565354133693736,0.92307692307692313,0.78947368421052633,1
0.76628095995537049,0.51890695234240891,0.92307692307692313,0.84210526315789469,0.99999999999999989
0.81214564819352864,0.58414823497271473,0.92307692307692313,0.89473684210526316,1
0.86223612833284036,0.65091731429191013,0.92307692307692313,0.94736842105263153,1
0.92331730861538452,0.72115386407692295,0.92307692307692313,1,1
-0.0099759616892307699,0.082500003300000013,0.94871794871794868,0,1
0.035658852743636671,0.084257378023869428,0.94871794871794868,0.052631578947368418,1
0.080971482054613506,0.085931531471703765,0.94871794871794868,0.10526315789473684,1.0000000000000002
0.12669123782008401,0.087662892607862752,0.94871794871794868,0.15789473684210525,0.99999999999999989
0.17361073179656314,0.089616634400359482,0.94871794871794868,0.21052631578947367,1
0.22192560514979753,0.095708502085020228,0.94871794871794868,0.26315789473684209,1
0.27073474300036865,0.11349277476839145,0.94871794871794868,0.31578947368421051,1
0.32074904718844643,0.13150764029600975,0.94871794871794868,0.36842105263157893,1
0.37213810305760231,0.14977364195156498,0.94871794871794868,0.42105263157894735,1.0000000000000002
0.42597341896734292,0.16847445412150583,0.94871794871794868,0.47368421052631576,1
0.47723279146072967,0.1985929815049069,0.94871794871794868,0.52631578947368418,1.0000000000000002
0.52490722556902847,0.23949499945062594,0.94871794871794868,0.57894736842105265,1
0.5750153297881383,0.28082391425004249,0.94871794871794868,0.63157894736842102,1.0000000000000002
0.62755905727118544,0.32307079794702787,0.94871794871794868,0.68421052631578949,1
0.68388158424291501,0.3671659848218623,0.94871794871794868,0.73684210526315785,1
0.73050621690693252,0.42662852176363952,0.94871794871794868,0.78947368421052633,0.99999999999999989
0.7751695854039331,0.49193987463139721,0.94871794871794868,0.84210526315789469,1
0.82344626227473672,0.55885811517187389,0.94871794871794868,0.89473684210526316,0.99999999999999989
0.87526251547624367,0.62705646368298895,0.94871794871794868,0.94736842105263153,1
0.92908654307692307,0.69576923638461541,0.94871794871794868,1,1
-0.010456730744615384,0.082500003299999999,0.97435897435897434,0,1
0.03411682853225026,0.081564026493613759,0.97435897435897434,0.052631578947368418,0.99999999999999989
0.078458856860400508,0.080588226020562648,0.97435897435897434,0.10526315789473684,1
0.12300260471260388,0.079641016118911889,0.97435897435897434,0.15789473684210525,1
0.16798365049287209,0.078775135540843338,0.97435897435897434,0.21052631578947367,1
0.21433451057489883,0.082064776089878555,0.97435897435897434,0.26315789473684209,1.0000000000000002
0.26556683609678555,0.097954124226470526,0.97435897435897434,0.31578947368421051,1.0000000000000002
0.31662873301329569,0.11381403410267316,0.97435897435897434,0.36842105263157893,1
0.36842472961254913,0.12980801540220038,0.97435897435897434,0.42105263157894735,0.99999999999999989
0.42060982315789469,0.14587044103562749,0.97435897435897434,0.47368421052631576,1
0.47234312221862351,0.17384614937246959,0.97435897435897434,0.52631578947368418,0.99999999999999989
0.52339607804764776,0.21359148137191655,0.97435897435897434,0.57894736842105265,0.99999999999999989
0.57472340887514006,0.25333314685291519,0.97435897435897434,0.63157894736842102,1.0000000000000002
0.62734628615802812,0.29356179273553323,0.97435897435897434,0.68421052631578949,1
0.67993420212145739,0.33384615112145732,0.97435897435897434,0.73684210526315785,1
0.73110794369810594,0.39540359172973372,0.97435897435897434,0.78947368421052633,1
0.78049404356162444,0.46351426636690307,0.97435897435897434,0.84210526315789469,0.99999999999999989
0.83116260459049351,0.53219966217052395,0.97435897435897434,0.89473684210526316,0.99999999999999978
0.8835537775449015,0.60150942157542808,0.97435897435897434,0.94736842105263153,0.99999999999999978
0.9348557775384615,0.67038460869230776,0.97435897435897434,1,1
-0.0109374998,0.082500003299999999,1,0,1
0.032154604157894735,0.078815791573684207,1,0.052631578947368418,1
0.075246708115789471,0.075131579847368429,1,0.10526315789473684,1
0.11833881207368421,0.071447368121052623,1,0.15789473684210525,1
0.16143091603157894,0.067763156394736845,1,0.21052631578947367,1
0.20674341599999999,0.068421050094736841,1,0.26315789473684209,1
0.25871710399999998,0.082105260073684211,1,0.31578947368421051,1
0.31069079199999999,0.095789470052631581,1,0.36842105263157893,1
0.36266447999999996,0.10947368003157894,1,0.42105263157894735,1
0.41463816799999997,0.12315789001052631,1,0.47368421052631576,1
0.46677632399999996,0.14894736415789472,1,0.52631578947368418,1
0.51907894799999998,0.18684210247368421,1,0.57894736842105265,1
0.57138157199999995,0.22473684078947367,1,0.63157894736842102,1
0.62368419600000002,0.26263157910526314,1,0.68421052631578949,1
0.67598681999999999,0.30052631742105262,1,0.73684210526315785,1
0.72878287642105266,0.36289473552631574,1,0.78947368421052633,1
0.78174341031578942,0.43342104689473671,1,0.84210526315789469,1
0.83470394421052641,0.50394735826315784,1,0.89473684210526316,1
0.88766447810526317,0.57447366963157886,1,0.94736842105263153,1
0.94062501200000004,0.644999981,1,1,1
